company_name,website_url,location,has_website,has_business_email,has_contact_email,has_phone,has_whatsapp,has_contact_form,has_linkedin,has_founder,has_ceo,has_cto,decision_makers_count,technologies,has_mobile_app,has_ai_features,has_automation,has_live_chat,has_call_to_action,is_outdated,poor_ui_ux,missing_seo,weak_branding,lead_score,priority_level,priority_country
Bit Technologies Lahore- Software House - Website Development - SEO Services - IT Company,https://bittechnologies.co/,"Lahore, Pakistan",True,True,True,True,False,True,False,False,False,False,0.0,[],1,1,1,0,1,1,0,1,0,95.0,High,True
IT Genesis -- The Best Software House in Lahore | The Best Software Company in Lahore | Software House in Lahore,http://www.itgenesis.net/,"Lahore, Pakistan",True,True,True,True,False,True,True,False,False,False,0.0,"['Angular', 'Java', 'PHP', 'React', 'TensorFlow', 'Rust', 'Go', 'AWS', 'Vue', 'WordPress', 'Docker', '.NET']",1,1,1,0,1,1,0,1,0,100.0,High,True
IT Genesis - - Software House in Lahore - - Software company in Lahore / Software house in Gulberg,https://itgenesis.net/,"Lahore, Pakistan",True,True,True,True,False,True,True,False,False,False,0.0,"['Angular', 'Java', 'PHP', 'React', 'TensorFlow', 'Rust', 'Go', 'AWS', 'Vue', 'WordPress', 'Docker', '.NET']",1,1,1,0,1,1,0,1,0,100.0,High,True
Intelliscence - Software Development Company / Software House,https://www.intelliscence.com/,"Lahore, Pakistan",True,True,True,True,False,True,True,False,False,False,0.0,"['Angular', 'Python', 'Java', 'PHP', 'Laravel', 'React', 'Azure', 'TensorFlow', 'Rust', 'Ruby', 'Go', 'AWS', 'Vue', 'WordPress', 'Docker']",1,1,1,0,1,1,0,1,0,100.0,High,True
GenXe Technologies,https://genxe.com.pk/,"Lahore, Pakistan",True,True,True,True,False,True,False,False,False,False,0.0,[],0,1,0,0,1,1,0,1,0,85.0,High,True
DevsSpace IT Services (Private) Limited,https://devsspace.com/,"Lahore, Pakistan",True,True,True,True,False,True,True,False,False,False,0.0,"['Angular', 'PHP', 'Node', 'React', 'Laravel', 'TensorFlow', 'Ruby', 'Go', 'Vue', 'WordPress', 'Docker']",1,1,1,0,1,0,0,0,0,100.0,High,True
REX Technologies | Software Company in Lahore,https://www.rextech.pk/,"Lahore, Pakistan",True,True,True,True,False,True,True,False,False,False,0.0,"['Angular', 'Python', 'Java', 'Django', 'PHP', 'React', 'TensorFlow', 'Rust', 'Go', '.NET', 'Vue', 'WordPress', 'Docker']",1,1,1,0,1,0,0,1,0,100.0,High,True
First Idea Web Development (Pvt) Ltd. Domain Hosting Company | Web Development Software House,https://firstideaweb.com/,"Lahore, Pakistan",True,True,True,True,False,True,True,False,False,False,1.0,"['Angular', 'Java', 'PHP', 'Laravel', 'TensorFlow', 'Rust', 'Go', 'WordPress', 'Docker']",1,1,0,0,1,0,0,1,0,100.0,High,True
Bit Technologies - Website development Company / Software House Karachi,https://bittechnologies.co/,"Karachi, Pakistan",True,True,True,True,False,True,False,False,False,False,0.0,"['Angular', 'Python', 'Java', 'Django', 'PHP', 'Node', 'React', 'Laravel', 'TensorFlow', 'Rust', 'Ruby', 'Go', 'Vue', 'WordPress', 'Docker']",1,1,1,0,1,1,0,1,0,95.0,High,True
AIMVIZ Pvt. Ltd - Digital Media and Software Development Company,https://www.aimviz.com/,"Karachi, Pakistan",True,True,True,True,False,True,False,False,False,False,0.0,[],0,0,0,0,0,0,0,0,0,80.0,High,True
Contour Software (Pvt) Ltd.,https://contour-software.com/,"Karachi, Pakistan",True,True,True,True,False,True,True,False,False,False,0.0,"['Angular', 'Java', 'PHP', 'TensorFlow', 'Rust', 'Go', 'Vue', 'WordPress', 'Docker']",1,1,0,0,1,0,1,1,1,100.0,High,True
Tafsol Technologies (Private) Limited,https://tafsol.ai/,"Karachi, Pakistan",True,True,True,True,False,True,True,False,False,False,0.0,"['Angular', 'Java', 'React', 'TensorFlow', 'Rust', 'Go', 'AWS', 'Vue', 'WordPress', 'Docker', '.NET']",1,1,1,0,1,1,1,1,1,100.0,High,True
Digital Dividend - Development Center Karachi,https://digital-dividend.com/,"Karachi, Pakistan",True,True,True,True,False,True,False,False,False,False,0.0,[],1,1,1,0,1,1,1,1,1,95.0,High,True
Pixcile Technologies: Leading Software Development Company,https://www.pixciletechnologies.com/,"Karachi, Pakistan",True,True,True,True,False,True,True,False,False,False,0.0,"['Angular', 'Python', 'Java', 'PHP', 'Node', 'React', 'Azure', 'TensorFlow', 'Rust', 'Go', '.NET', 'Vue', 'WordPress', 'Docker']",1,1,0,0,1,1,1,1,1,100.0,High,True
Jantrah Tech (Pvt) Ltd. - Software House in Islamabad,https://jantrah.com/,"Islamabad, Pakistan",True,True,True,True,False,True,True,False,False,False,0.0,"['Angular', 'Django', 'Laravel', 'React', 'TensorFlow', 'Rust', 'Go', '.NET', 'Vue', 'WordPress', 'Docker']",1,1,1,0,1,1,1,0,1,100.0,High,True
CentigmaSoft | Software Company | Software Development Company in Islamabad | Mobile App | Software Outsourcing | Consultant,https://www.centigmasoft.com/,"Islamabad, Pakistan",True,True,True,True,False,True,False,False,False,False,1.0,"['Angular', 'Java', 'PHP', 'TensorFlow', 'Rust', 'Go', 'Vue', 'Docker', '.NET']",1,1,0,0,1,1,0,0,1,95.0,High,True
CDL | Software House in Islamabad/Pakistan | Best Software Tech Agency in Islamabad/Pakistan |,https://cdl.com.pk/,"Islamabad, Pakistan",True,True,True,True,False,True,True,False,False,False,0.0,"['Angular', 'Java', 'Django', 'PHP', 'Laravel', 'React', 'TensorFlow', 'Rust', 'Go', 'AWS', 'Vue', 'Docker', '.NET']",1,1,1,1,1,1,1,1,1,100.0,High,True
Bit Technologies | Web development Company Pakistan,https://bittechnologies.co/,"Islamabad, Pakistan",True,True,True,True,False,True,False,False,False,False,0.0,"['Angular', 'Python', 'Java', 'Django', 'PHP', 'Node', 'React', 'Laravel', 'TensorFlow', 'Rust', 'Ruby', 'Go', 'Vue', 'WordPress', 'Docker']",1,1,1,0,1,1,0,1,0,95.0,High,True
M5HOST WEB DEVELOPMENT COMPANY ISLAMABAD,https://m5host.com/,"Islamabad, Pakistan",True,True,True,True,False,True,False,False,False,False,1.0,"['Angular', 'Java', 'PHP', 'TensorFlow', 'Go', 'AWS', 'Vue', 'WordPress', 'Docker']",1,1,0,1,1,0,0,1,1,100.0,High,True
UnitedSol,https://www.unitedsol.net/,"Islamabad, Pakistan",True,True,True,True,False,True,True,False,False,False,1.0,"['Angular', 'Java', 'PHP', 'TensorFlow', 'Rust', 'Go', '.NET', 'Vue', 'WordPress', 'Docker']",1,1,1,0,1,1,0,1,0,100.0,High,True
DIGITALSOFTS - Enterprise Software Company,https://www.digitalsofts.com/,"Faisalabad, Pakistan",True,True,True,True,False,True,True,False,False,False,1.0,"['Angular', 'Java', 'PHP', 'TensorFlow', 'Rust', 'Go', 'AWS', 'Vue', 'WordPress', 'Docker']",1,1,1,0,1,0,0,1,0,100.0,High,True
The Optimum Tech,http://www.theoptimumtech.com/,"Faisalabad, Pakistan",True,True,True,True,False,True,True,False,True,False,2.0,"['Angular', 'Python', 'Java', 'PHP', 'Node', 'React', 'Laravel', 'Azure', 'Rust', 'Ruby', 'TensorFlow', 'Go', 'AWS', 'Vue', 'WordPress', 'Docker', '.NET']",1,1,1,0,1,0,0,1,0,100.0,High,True
TechloSet Solutions,http://techloset.com/,"Faisalabad, Pakistan",True,True,True,True,True,True,True,False,False,False,0.0,"['Angular', 'React', 'TensorFlow', 'Go', 'Vue', 'Docker']",1,1,1,0,0,0,1,1,1,100.0,High,True
Attari Developers,https://attariwebdevelopers.com/,"Faisalabad, Pakistan",True,True,True,True,True,True,True,False,False,False,1.0,"['Angular', 'Java', 'PHP', 'TensorFlow', 'Rust', 'Go', 'Vue', 'WordPress', 'Docker']",1,1,1,0,1,1,0,1,1,100.0,High,True
IT Empire Software House Pakistan,https://www.itempire.net/,"Faisalabad, Pakistan",True,True,True,True,False,True,True,False,False,False,0.0,"['Angular', 'Java', 'TensorFlow', 'Go', 'Vue', 'Docker', '.NET']",1,1,1,0,1,0,0,0,0,100.0,High,True
WebExpert Soft | Web Development Company | Web Development Services in Faisalabad | Website Design & Development,https://webexpertsofts.com/,"Faisalabad, Pakistan",True,True,True,True,False,True,False,False,False,False,1.0,"['Angular', 'Java', 'PHP', 'TensorFlow', 'Rust', 'Go', '.NET', 'Vue', 'WordPress', 'Docker']",1,1,0,0,1,1,1,1,1,95.0,High,True
SMI SOFT Technologies,http://www.smisofttech.com/,"Faisalabad, Pakistan",True,True,True,True,True,True,True,False,False,False,1.0,"['Angular', 'Java', 'PHP', 'TensorFlow', 'Rust', 'Go', 'Vue', 'WordPress', 'Docker']",1,1,0,0,1,1,0,1,0,100.0,High,True
SAR ZONE (Software House In Faisalabad and Automation Center),http://www.sarzone.com/,"Faisalabad, Pakistan",True,True,True,True,False,True,True,False,False,False,0.0,"['Angular', 'Django', 'TensorFlow', 'Rust', 'Go', 'Vue', 'Docker', '.NET']",1,1,1,0,1,1,1,1,1,100.0,High,True
"Gligx Web Design and Software Development Company Dubai, UAE",https://www.gligx.com/,"Dubai, UAE",True,True,True,True,False,True,True,False,False,False,0.0,"['Angular', 'Python', 'Java', 'PHP', 'Node', 'React', 'Laravel', 'TensorFlow', 'Rust', 'Go', 'AWS', 'Vue', 'WordPress', 'Docker']",1,1,1,0,1,0,1,0,1,100.0,High,True
"Hidden Brains : AI Software Development Dubai, UAE",https://www.hiddenbrains.ae/,"Dubai, UAE",True,True,True,True,False,True,False,False,False,False,0.0,[],0,0,0,0,0,0,0,0,0,80.0,High,True
Meridian IT Solutions | Website Design Company in Dubai,https://www.meridianuae.com/,"Dubai, UAE",True,True,True,True,False,True,True,False,False,False,0.0,"['Angular', 'Java', 'PHP', 'TensorFlow', 'Rust', 'Go', 'Vue', 'WordPress', 'Docker']",1,1,1,0,0,0,0,1,0,100.0,High,True
TechGropse Dubai Mobile App Development Company | Hire Mobile App Developers in UAE | IOS Android & Custom App Development,https://www.techgropse.ae/app-development-dubai,"Dubai, UAE",True,True,True,True,False,True,True,False,False,False,1.0,"['Rust', 'AWS', 'Docker', 'Java', 'Laravel', 'Ruby', 'WordPress', 'Angular', 'Python', 'PHP', 'Node', 'Vue', 'Django', 'Kubernetes', 'React', 'TensorFlow', 'Azure', 'Go', '.NET']",1,1,1,0,1,1,1,0,1,100.0,High,True
"UAE App Developers - AI Mobile App & Software Development Company in Dubai, UAE",https://www.uaeappdevelopers.com/?utm_source=Organicseo&utm_medium=mainGBP,"Dubai, UAE",True,True,True,True,False,True,True,False,False,False,0.0,"['Angular', 'Python', 'Java', 'Kubernetes', 'PHP', 'Node', 'React', 'Azure', 'TensorFlow', 'Rust', 'Go', 'AWS', 'Vue', 'WordPress', 'Docker', '.NET']",1,1,1,0,1,1,1,0,1,100.0,High,True
"Think Future Technologies | Software Development and Testing Company in Dubai, UAE",http://www.tftus.com/,"Dubai, UAE",True,True,True,True,False,True,True,False,False,False,0.0,"['Angular', 'Python', 'Java', 'Django', 'Kubernetes', 'PHP', 'Node', 'React', 'Azure', 'TensorFlow', 'Ruby', 'Go', 'AWS', 'Vue', 'WordPress', 'Docker', '.NET']",1,1,1,0,1,0,0,1,0,100.0,High,True
"DXB APPS (DX Technologies LLC) | No 1 App Development Company in Dubai UAE | Hire Android, iOS & WEB Developers in Dubai, UAE",https://dxbapps.com/,"Dubai, UAE",True,True,True,True,False,True,True,False,False,False,1.0,"['Angular', 'Python', 'Java', 'Kubernetes', 'PHP', 'Node', 'React', 'Azure', 'TensorFlow', 'Rust', 'Go', 'AWS', 'Vue', 'Docker', '.NET']",1,1,1,0,1,1,0,1,0,100.0,High,True
FACTS ERP Software House L.L.C,https://facts.ae/?utm_source=CMBlisting&utm_medium=organic,"Dubai, UAE",True,True,True,True,False,True,True,False,False,False,1.0,"['Angular', 'Java', 'PHP', 'Node', 'React', 'TensorFlow', 'Rust', 'Go', 'AWS', 'Vue', 'WordPress', 'Docker', '.NET']",1,1,1,0,1,0,1,1,1,100.0,High,True
"Centre Source | Software Company in Abu Dhabi | App Development in Abu Dhabi, UAE",http://centresource.in/,"Abu Dhabi, UAE",True,True,True,True,False,True,True,True,False,False,2.0,"['Angular', 'Java', 'PHP', 'TensorFlow', 'Rust', 'Go', 'AWS', 'Vue', 'WordPress', 'Docker']",1,1,1,0,1,1,1,0,1,100.0,High,True
Apptunix Abu Dhabi - AI Mobile App Development Company in UAE,https://www.apptunix.com/mobile-app-development-company-abu-dhabi/,"Abu Dhabi, UAE",True,True,True,True,False,True,False,False,False,False,0.0,[],0,0,0,0,0,0,0,0,0,80.0,High,True
"Sysberries - IT, Digital Marketing & Software development Company Abudhabi, UAE",https://www.sysberries.com/,"Abu Dhabi, UAE",True,True,True,True,False,True,True,False,False,False,0.0,"['Angular', 'TensorFlow', 'Azure', 'Rust', 'Go', 'Vue', '.NET']",1,1,1,0,1,1,1,0,1,100.0,High,True
Tranetech Software Solution LLC,https://tranetech.com/,"Abu Dhabi, UAE",True,True,True,True,False,True,True,False,False,False,1.0,"['Angular', 'Java', 'PHP', 'TensorFlow', 'Rust', 'Go', '.NET', 'Vue', 'WordPress', 'Docker']",1,1,1,0,0,0,0,1,0,100.0,High,True
Swift IT Company UAE,https://swiftit.ae/,"Abu Dhabi, UAE",True,True,True,True,False,True,True,False,False,False,1.0,"['Angular', 'Java', 'PHP', 'React', 'TensorFlow', 'Rust', 'Go', 'Vue', 'WordPress', 'Docker']",1,1,1,0,1,1,1,0,1,100.0,High,True
WEBME INFORMATION TECHNOLOGY,https://webmedigital.com/,"Abu Dhabi, UAE",True,True,True,True,False,True,False,False,False,False,1.0,"['Angular', 'TensorFlow', 'Rust', 'Go', 'Docker']",0,1,1,0,1,1,1,1,1,95.0,High,True
Efforts Solutions IT,https://effortz.com/,"Abu Dhabi, UAE",True,True,True,True,False,True,True,False,False,False,1.0,"['Angular', 'Java', 'TensorFlow', 'Rust', 'Go', 'Vue', 'WordPress', 'Docker']",1,1,1,0,1,1,1,0,1,100.0,High,True
Creative Solutions Co. Ltd,https://www.creative-sols.com/,"Riyadh, Saudi Arabia",True,True,True,True,False,True,True,False,False,False,1.0,"['Angular', 'TensorFlow', 'Rust', 'Go', 'Vue', 'Docker', '.NET']",1,1,1,0,0,0,1,0,1,100.0,High,True
Olivo Software Company,http://www.olivotech.com/,"Riyadh, Saudi Arabia",True,True,True,True,False,True,True,False,False,False,0.0,"['Angular', 'Java', 'TensorFlow', 'Rust', 'Go', 'Vue', 'Docker', '.NET']",1,1,1,0,1,0,1,1,1,100.0,High,True
Apptunix Saudi Arabia - AI Mobile App & Software Development Company in Riyadh | Hire App Developers in Saudi Arabia,https://www.apptunix.com/mobile-app-development-company-riyadh-saudi-arabia/?utm_source=Organicseo&utm_medium=mainGBPsaudiarabia,"Riyadh, Saudi Arabia",True,True,True,True,False,True,False,False,False,False,0.0,[],0,0,0,0,0,0,0,0,0,80.0,High,True
"AI-TECH - Software Development Company in Riyadh , Saudi Arabia",http://ai-tech.com.sa/,"Riyadh, Saudi Arabia",True,True,True,True,False,True,False,False,False,False,0.0,[],0,0,0,0,0,0,0,0,0,80.0,High,True
TechGropse Riyadh Saudi Arabia - AI Mobile App Development Company | Hire Mobile App Developers,https://www.techgropse.com/sa/mobile-app-development-saudi-arabia,"Riyadh, Saudi Arabia",True,True,True,True,False,True,True,False,False,False,0.0,"['Angular', 'Java', 'Django', 'Node', 'React', 'Laravel', 'TensorFlow', 'Rust', 'Go', 'AWS', 'Vue', 'WordPress', 'Docker', '.NET']",1,1,1,0,1,1,1,0,1,100.0,High,True
Junkies Coder Saudi Arabia - Mobile App Development Company,https://www.junkiescoder.com/sa,"Riyadh, Saudi Arabia",True,True,True,True,False,True,True,False,False,False,1.0,"['Angular', 'Python', 'Java', 'Django', 'Kubernetes', 'Node', 'React', 'Azure', 'TensorFlow', 'Rust', 'Ruby', 'Go', 'AWS', 'Vue', 'WordPress', 'Docker', '.NET', 'Flask']",1,1,1,0,1,0,0,1,1,100.0,High,True
Whetstonez | software development company,https://whetstonez.com/,"Jeddah, Saudi Arabia",True,True,True,True,False,True,True,False,False,False,0.0,"['Angular', 'Java', 'PHP', 'Node', 'React', 'Laravel', 'TensorFlow', 'Rust', 'Go', 'AWS', 'Vue', 'WordPress', 'Docker']",1,1,1,0,1,1,0,1,0,100.0,High,True
Sohoby a Jeddah based Mobile App Development Company,https://sohoby.com/,"Jeddah, Saudi Arabia",True,True,True,True,False,True,True,False,False,False,0.0,"['Angular', 'Java', 'React', 'TensorFlow', 'Rust', 'Go', 'Vue', 'Docker', '.NET']",1,1,1,0,1,0,0,1,0,100.0,High,True
BOT Solutions | Software Company for ERP System KSA,https://botsolutions.tech/,"Jeddah, Saudi Arabia",True,True,True,True,False,True,True,False,False,False,0.0,"['Angular', 'PHP', 'TensorFlow', 'Rust', 'Go', 'Vue', 'Docker', '.NET']",1,1,0,0,1,0,0,1,0,100.0,High,True
"The Hashtech - Software & Mobile App Development Company Jeddah, KSA",https://thehashtech.com/mobile/app-development-company-saudi-arabia/?utm_source=GMB&utm_medium=KSA&utm_campaign=Jeddah,"Jeddah, Saudi Arabia",True,True,True,True,False,True,True,False,False,False,0.0,"['Angular', 'Java', 'PHP', 'Node', 'React', 'TensorFlow', 'Rust', 'Go', '.NET', 'Vue', 'WordPress', 'Docker']",1,1,1,0,1,0,1,1,1,100.0,High,True
شركة الأمازون لتقنية المعلومات,http://www.alamazon.com/,"Jeddah, Saudi Arabia",True,True,True,True,False,True,False,False,False,False,0.0,"['Angular', 'Java', 'PHP', 'TensorFlow', 'Rust', 'Go', 'AWS', 'Vue', 'WordPress', 'Docker', '.NET']",0,0,0,0,0,1,1,1,1,80.0,High,True
SUCCUIZE Solutions | Software Company for ERP System KSA,http://www.succuizesolutions.com/,"Jeddah, Saudi Arabia",True,True,True,True,False,True,False,False,False,False,1.0,"['Java', 'PHP', 'TensorFlow', 'Rust', 'Go', 'Vue', 'Docker', '.NET']",1,0,0,0,1,1,1,1,1,95.0,High,True
الحلول النهائية لأعمال الحاسب الالي,http://www.ultimate-sa.com/,"Jeddah, Saudi Arabia",True,True,True,True,False,True,True,False,False,False,0.0,"['Angular', 'Java', 'PHP', 'TensorFlow', 'Go', '.NET', 'Vue', 'WordPress', 'Docker']",1,0,0,0,0,1,0,1,1,100.0,High,True
Stimes Innovations WLL | Manpower ERP Solution | Best HR Solution | Restaurant POS | Doha | Qatar,https://stimes.qa/,"Doha, Qatar",True,True,True,True,False,True,True,False,False,False,1.0,"['Angular', 'Java', 'PHP', 'TensorFlow', 'Go', '.NET', 'Vue', 'WordPress', 'Docker']",1,1,1,0,1,1,1,0,1,100.0,High,True
BG SOFT Solutions | ERP & CRM solutions | Software Development Company in Qatar,https://bgsoftsolutions.com/,"Doha, Qatar",True,True,True,True,False,True,False,False,False,False,1.0,"['Angular', 'Java', 'PHP', 'React', 'TensorFlow', 'Rust', 'Go', '.NET', 'Vue', 'WordPress', 'Docker']",1,1,0,1,1,1,1,1,1,100.0,High,True
"Zartek Technology - Mobile App Development Company In Doha, Qatar",https://zartek.qa/,"Doha, Qatar",True,True,True,True,False,True,False,True,False,False,2.0,"['Angular', 'Python', 'Java', 'PHP', 'Node', 'React', 'TensorFlow', 'Rust', 'Go', 'AWS', 'Vue', 'WordPress', 'Docker', '.NET', 'Flask']",1,1,1,0,1,0,1,0,1,100.0,High,True
Zinger Stick Software Development - IT Consulting - AI Solutions in Qatar,https://zingersticksoftware.com/,"Doha, Qatar",True,True,True,True,False,True,True,False,False,False,1.0,"['Angular', 'Java', 'PHP', 'TensorFlow', 'Rust', 'Go', 'Vue', 'WordPress', 'Docker']",1,1,1,0,1,1,1,1,1,100.0,High,True
Apptunix Qatar - Mobile App & Software Development Company,https://www.apptunix.com/mobile-app-development-qatar/,"Doha, Qatar",True,True,True,True,False,True,False,False,False,False,0.0,[],0,0,0,0,0,0,0,0,0,80.0,High,True
Packit Code,https://packitcode.com/,"Doha, Qatar",True,True,True,True,False,True,False,False,False,False,0.0,[],0,0,0,0,0,0,0,0,0,80.0,High,True
Cherry InfoTech,https://www.cherry.qa/,"Doha, Qatar",True,True,True,True,False,True,True,False,False,False,0.0,"['Angular', 'Java', 'PHP', 'TensorFlow', 'Rust', 'Go', 'Vue', 'WordPress', 'Docker']",1,1,1,0,1,0,0,1,1,100.0,High,True
Vibes Web Design Company In Qatar,https://www.vibestechnologies.com/,"Doha, Qatar",True,True,True,True,False,True,False,False,False,False,0.0,"['Angular', 'React', 'TensorFlow', 'Rust', 'Go', 'Vue', 'Docker']",1,1,1,0,1,0,1,1,1,95.0,High,True
Emstell Technologies - Mobile Apps Website Design ECommerce Development Company - Kuwait,https://emstell.com/,"Kuwait City, Kuwait",True,True,True,True,False,True,False,False,False,False,0.0,[],0,0,0,0,0,0,0,0,0,80.0,High,True
Uniweb IT Solutions | Web Design| Mobile App| Ecommerce| Graphic Design| SEO Kuwait,https://www.uniwebonline.com/,"Kuwait City, Kuwait",True,True,True,True,False,True,False,False,False,False,0.0,[],0,0,0,0,0,0,0,0,0,80.0,High,True
"iGroup Solutions - Web design Company, Ecommerce Development, SEO Services Agency",https://igroup.solutions/,"Kuwait City, Kuwait",True,True,True,True,False,True,True,False,False,False,1.0,"['Angular', 'Java', 'PHP', 'Node', 'TensorFlow', 'Rust', 'Go', '.NET', 'Vue', 'WordPress', 'Docker']",1,1,1,0,1,0,0,0,0,100.0,High,True
"Merak Tech - Web Design, Development & Mobile Apps Development Kuwait, Ecommerce Development, POS software, Web Apps Security",https://www.almerak.com/,"Kuwait City, Kuwait",True,True,True,True,False,True,True,False,False,False,1.0,"['Angular', 'Java', 'PHP', 'TensorFlow', 'Rust', 'Go', 'AWS', 'Vue', 'WordPress', 'Docker', '.NET']",1,1,0,0,1,0,1,1,1,100.0,High,True
KUWAITNET,http://www.kuwaitnet.com/,"Kuwait City, Kuwait",True,True,True,True,False,True,True,False,False,False,0.0,"['Angular', 'Java', 'Python', 'Django', 'PHP', 'TensorFlow', 'Go', 'AWS', 'Vue', 'Docker']",1,1,1,0,0,1,1,1,1,100.0,High,True
Top software company in Kuwait City and Mobile App Development in Kuwait,https://www.webhostingkuwait.com/,"Kuwait City, Kuwait",True,True,True,True,False,True,False,False,False,False,0.0,"['Angular', 'Java', 'PHP', 'TensorFlow', 'Rust', 'Go', 'AWS', 'Vue', 'WordPress', 'Docker', '.NET']",1,1,0,0,1,0,1,1,1,90.0,High,True
"Chrisans - Web design Company Kuwait, Ecommerce Development, SEO Services, Website Development Services.",https://www.chrisansgroup.com/,"Kuwait City, Kuwait",True,True,True,True,False,True,True,False,False,False,1.0,"['Angular', 'Java', 'PHP', 'Laravel', 'Node', 'TensorFlow', 'Rust', 'Go', 'AWS', 'Vue', 'WordPress', 'Docker', '.NET']",1,1,1,1,1,0,0,0,0,100.0,High,True
Modern Digital World LLC,https://www.dgtalworld.com/,"Muscat, Oman",True,True,True,True,False,True,False,False,False,False,0.0,"['Angular', 'TensorFlow', 'Rust', 'Go', 'Vue', 'Docker']",1,1,1,0,1,0,1,0,1,95.0,High,True
Concept Solutions Oman,https://www.csloman.com/,"Muscat, Oman",True,True,True,True,False,True,True,False,False,False,1.0,"['Angular', 'Java', 'PHP', 'TensorFlow', 'Go', 'Vue', 'WordPress', 'Docker']",1,1,1,0,1,1,1,0,1,100.0,High,True
Ultimate Solutions Technology LLC ERP - VAT,http://www.ultimate-oman.com/,"Muscat, Oman",True,True,True,True,False,True,False,False,False,False,2.0,[],1,1,1,0,1,1,1,0,1,100.0,High,True
Junkies Coder - Custom Mobile App Development Company in Oman,https://www.junkiescoder.com/,"Muscat, Oman",True,True,True,True,False,True,True,False,False,False,1.0,"['Angular', 'Python', 'Java', 'Django', 'Kubernetes', 'Node', 'React', 'Azure', 'TensorFlow', 'Rust', 'Ruby', 'Go', 'AWS', 'Vue', 'WordPress', 'Docker', '.NET', 'Flask']",1,1,1,0,1,0,0,1,1,100.0,High,True
EitmadTech,https://eitmadtech.com/,"Muscat, Oman",True,True,True,True,False,True,False,False,False,False,0.0,"['Angular', 'Java', 'Django', 'TensorFlow', 'Rust', 'Go', 'Vue', 'Docker', '.NET']",1,1,0,0,1,0,1,1,1,90.0,High,True
beDots - Software - POS - Website - Oman,https://bedots.io/,"Muscat, Oman",True,True,True,True,False,True,False,False,False,False,0.0,"['Angular', 'Java', 'PHP', 'TensorFlow', 'Go', 'AWS', 'Vue', 'WordPress', 'Docker', '.NET']",1,1,1,0,1,0,1,1,1,100.0,High,True
Rawat Al Makan,https://rawatmakan.com/,"Muscat, Oman",True,True,True,True,False,True,True,False,False,False,1.0,"['Angular', 'Python', 'Java', 'PHP', 'Laravel', 'React', 'Azure', 'TensorFlow', 'Go', 'AWS', 'Vue', 'WordPress', 'Docker', '.NET']",1,1,1,0,1,0,1,1,1,100.0,High,True
SoftCircles: Software Development Company New York,https://www.softcircles.com/software-development-company-in-new-york,"New York, USA",True,True,True,True,False,True,True,False,False,False,1.0,"['Angular', 'Java', 'PHP', 'Laravel', 'Node', 'React', 'Azure', 'Rust', 'Ruby', 'TensorFlow', 'Go', 'AWS', 'Vue', 'Docker', '.NET']",1,1,1,0,1,0,1,0,1,100.0,High,True
Unified Infotech | Best Software Development Company,https://www.unifiedinfotech.net/services/custom-software-development/?utm_source=referral&utm_medium=GMB+USA&utm_id=GMB,"New York, USA",True,True,True,True,False,True,True,False,False,False,0.0,"['Rust', 'AWS', 'Docker', 'Flask', 'Java', 'Laravel', 'WordPress', 'Angular', 'Python', 'PHP', 'Node', 'Vue', 'Django', 'Kubernetes', 'React', 'TensorFlow', 'Azure', 'Go', '.NET']",1,1,1,0,1,1,1,1,1,100.0,High,True
Trango Tech New York - Mobile App development Company,https://trangotech.com/mobile/app-development-new-york-city/?utm_source=GMB&utm_medium=GMB+NYC&utm_campaign=GMB+NYC,"New York, USA",True,True,True,True,False,True,True,False,False,False,0.0,"['Rust', 'AWS', 'Docker', 'Java', 'Ruby', 'WordPress', 'PyTorch', 'Angular', 'Python', 'PHP', 'Node', 'Vue', 'Django', 'Kubernetes', 'React', 'TensorFlow', 'Azure', 'Go', '.NET']",1,1,1,0,1,1,0,1,0,100.0,High,True
TechnBrains New York - Mobile App Development Company,https://www.technbrains.com/locations/mobile-app-development-company-new-york-city?utm_source=gmb&utm_medium=organic&utm_campaign=gmb-nyc&utm_id=gmb-nyc,"New York, USA",True,True,True,True,False,True,True,False,False,False,0.0,"['Angular', 'Python', 'Java', 'Django', 'PHP', 'Node', 'React', 'Laravel', 'Azure', 'Rust', 'Ruby', 'TensorFlow', 'Go', 'AWS', 'Vue', 'WordPress', 'Docker', '.NET']",1,1,1,0,1,0,1,1,1,100.0,High,True
DOMYNATE NYC,https://professionalbusinessdirectory.com/places/domynate-nyc/,"New York, USA",True,True,True,True,False,True,False,False,False,False,0.0,[],0,0,0,0,0,0,0,0,0,80.0,High,True
New York Software Developers,http://www.newyorksoftwaredevelopers.com/,"New York, USA",True,True,True,True,False,True,True,False,False,False,1.0,"['Angular', 'Python', 'Java', 'PHP', 'Laravel', 'React', 'TensorFlow', 'Rust', 'Go', 'AWS', 'Vue', 'WordPress', 'Docker', '.NET', 'Flask']",1,1,1,0,1,0,0,1,0,100.0,High,True
Software Pro Digital,https://softwareprodigital.com/,"New York, USA",True,True,True,True,False,True,True,True,False,False,1.0,"['Angular', 'Python', 'Java', 'PHP', 'Node', 'TensorFlow', 'Rust', 'Go', 'Vue', 'WordPress', 'Docker']",1,1,1,0,1,1,0,1,0,100.0,High,True
Innovating Signs,,"New York, USA",,,,,,,,,,,,[],0,0,0,0,0,0,0,0,0,,,
Ace Distributors,,"New York, USA",,,,,,,,,,,,[],0,0,0,0,0,0,0,0,0,,,
Newmedia,,"New York, USA",,,,,,,,,,,,[],0,0,0,0,0,0,0,0,0,,,
Verizon,,"New York, USA",,,,,,,,,,,,[],0,0,0,0,0,0,0,0,0,,,
Blackbelt Commerce,,"New York, USA",,,,,,,,,,,,[],0,0,0,0,0,0,0,0,0,,,
Keiter,,"New York, USA",,,,,,,,,,,,[],0,0,0,0,0,0,0,0,0,,,
Malor & Company,,"New York, USA",,,,,,,,,,,,[],0,0,0,0,0,0,0,0,0,,,
Ziggle Tech,,"New York, USA",,,,,,,,,,,,[],0,0,0,0,0,0,0,0,0,,,
Exine,,"New York, USA",,,,,,,,,,,,[],0,0,0,0,0,0,0,0,0,,,
Oraiko,,"New York, USA",,,,,,,,,,,,[],0,0,0,0,0,0,0,0,0,,,
Lumina,,"New York, USA",,,,,,,,,,,,[],0,0,0,0,0,0,0,0,0,,,
eMazzanti Technologies,,"New York, USA",,,,,,,,,,,,[],0,0,0,0,0,0,0,0,0,,,
webworks web design,,"New York, USA",,,,,,,,,,,,[],0,0,0,0,0,0,0,0,0,,,
Computuners,,"New York, USA",,,,,,,,,,,,[],0,0,0,0,0,0,0,0,0,,,
Princeton IT Services,,"New York, USA",,,,,,,,,,,,[],0,0,0,0,0,0,0,0,0,,,
Intellectsoft,,"New York, USA",,,,,,,,,,,,[],0,0,0,0,0,0,0,0,0,,,
Blank & Co.,/aclk?sa=L&ai=DChsSEwjBmp6GlcWVAxUcyDwCHSDRFAoYACICCAEQABoCc2Y&co=1&ase=2&gclid=EAIaIQobChMIwZqehpXFlQMVHMg8Ah0g0RQKEBAYASAAEgI3jvD_BwE&cid=CAASuwHkaHeNrxuX8Vd14-oHUG4xyOCSg_tLcY84w955P2VmZyjL0gyg43s6_Yo8_ZZysprx_I-lxtJBxvH94K_t8advueo8__BGjtHLxqGL8TDTfZ-CcYGMyZ2pQvH9goFil09EfBqBEAM9Gw6IkFm0b2wPwaAExHK86xd4VqfCeiOqD4sVJJd8zln8b5qQ9e85TlFUCfamneTX4KA3LTt0vZOxRT4ev7h5Mo_dR-sGts1q7BT6fpzTplo34pEf&cce=2&category=acrcp_v1_32&sig=AOD64_1ynytaEMhNorH-0mkmIub3DQNupQ&adurl&rct=j&q&ctype=99&nis=6,"Los Angeles, USA",False,True,True,True,False,True,False,False,False,False,0.0,[],0,0,0,0,0,0,0,0,0,70.0,High,True
"App Makers LA | App, Web, AI & Software Development",http://www.appmakersla.com/,"Los Angeles, USA",True,True,True,True,False,True,True,False,False,False,0.0,"['Angular', 'Python', 'Java', 'Django', 'PHP', 'React', 'TensorFlow', 'Rust', 'Go', 'AWS', 'Vue', 'WordPress', 'Docker', '.NET', 'Flask']",1,1,1,0,1,1,1,1,1,100.0,High,True
TechGropse Los Angeles - Mobile App Development Company | App Developer | Application Development,https://www.techgropse.com/mobile-app-development-company-los-angeles,"Los Angeles, USA",True,True,True,True,False,True,True,False,False,False,1.0,"['Angular', 'Java', 'Django', 'Node', 'React', 'Azure', 'TensorFlow', 'Rust', 'Go', 'AWS', 'Vue', 'WordPress', 'Docker', '.NET']",1,1,1,0,1,1,1,1,1,100.0,High,True
Los Angeles Software Developers,http://losangelessoftwaredevelopers.com/,"Los Angeles, USA",True,True,True,True,False,True,True,False,False,False,1.0,"['Angular', 'Python', 'Java', 'PHP', 'Laravel', 'React', 'TensorFlow', 'Rust', 'Ruby', 'Go', 'AWS', 'Vue', 'WordPress', 'Docker', '.NET', 'Flask']",1,1,1,0,1,1,0,1,0,100.0,High,True
Dcp Crea,,"Los Angeles, USA",,,,,,,,,,,,[],0,0,0,0,0,0,0,0,0,,,
City Of Code,,"Los Angeles, USA",,,,,,,,,,,,[],0,0,0,0,0,0,0,0,0,,,
Pink Gorilla Software,,"Los Angeles, USA",,,,,,,,,,,,[],0,0,0,0,0,0,0,0,0,,,
Luxurea,,"Los Angeles, USA",,,,,,,,,,,,[],0,0,0,0,0,0,0,0,0,,,
NiroWebix,,"Los Angeles, USA",,,,,,,,,,,,[],0,0,0,0,0,0,0,0,0,,,
Mad Mind Studios,,"Los Angeles, USA",,,,,,,,,,,,[],0,0,0,0,0,0,0,0,0,,,
Design Coalescence,,"Los Angeles, USA",,,,,,,,,,,,[],0,0,0,0,0,0,0,0,0,,,
Caspian Services,,"Los Angeles, USA",,,,,,,,,,,,[],0,0,0,0,0,0,0,0,0,,,
My Company Site,,"Los Angeles, USA",,,,,,,,,,,,[],0,0,0,0,0,0,0,0,0,,,
Sacred Cow Studios,,"Los Angeles, USA",,,,,,,,,,,,[],0,0,0,0,0,0,0,0,0,,,
Just In-Builds,,"Los Angeles, USA",,,,,,,,,,,,[],0,0,0,0,0,0,0,0,0,,,
Workroom Marketing,,"Los Angeles, USA",,,,,,,,,,,,[],0,0,0,0,0,0,0,0,0,,,
Orange Web Group,,"Los Angeles, USA",,,,,,,,,,,,[],0,0,0,0,0,0,0,0,0,,,
We Solve Problems,,"Los Angeles, USA",,,,,,,,,,,,[],0,0,0,0,0,0,0,0,0,,,
InfoTech Depot,,"Los Angeles, USA",,,,,,,,,,,,[],0,0,0,0,0,0,0,0,0,,,
Inteloraa,,"Los Angeles, USA",,,,,,,,,,,,[],0,0,0,0,0,0,0,0,0,,,
Cloud 77,,"Los Angeles, USA",,,,,,,,,,,,[],0,0,0,0,0,0,0,0,0,,,
iolo,,"Los Angeles, USA",,,,,,,,,,,,[],0,0,0,0,0,0,0,0,0,,,
West LA Computer Expert,,"Los Angeles, USA",,,,,,,,,,,,[],0,0,0,0,0,0,0,0,0,,,
Nettechy,,"Los Angeles, USA",,,,,,,,,,,,[],0,0,0,0,0,0,0,0,0,,,
Consagous Technologies,,"Los Angeles, USA",,,,,,,,,,,,[],0,0,0,0,0,0,0,0,0,,,
TechGropse Chicago - Mobile App Development Company | Node Js | Software Developers,https://www.techgropse.com/mobile-app-development-company-chicago,"Chicago, USA",True,True,True,True,False,True,True,False,False,False,1.0,"['Angular', 'Python', 'Java', 'Django', 'Node', 'React', 'Azure', 'TensorFlow', 'Rust', 'Go', 'AWS', 'Vue', 'WordPress', 'Docker', '.NET']",1,1,1,0,1,1,1,1,1,100.0,High,True
AppCrops - Mobile App & Software Development Company,https://appcrops.com/,"Chicago, USA",True,True,True,True,False,True,True,False,False,False,2.0,"['Angular', 'Python', 'Java', 'React', 'TensorFlow', 'Rust', 'Go', 'AWS', 'Vue', 'WordPress', 'Docker', '.NET']",1,1,1,0,1,0,1,0,1,100.0,High,True
IST Custom Software Development Chicago,https://customsoftwarechicago.com/,"Chicago, USA",True,True,True,True,False,True,False,False,False,False,0.0,[],0,0,0,0,0,0,0,0,0,80.0,High,True
Moon Technolabs,https://www.moontechnolabs.com/?utm_source=GMB&utm_medium=IL&utm_campaign=GMB_Chicago,"Chicago, USA",True,True,True,True,False,True,True,True,False,False,2.0,"['Angular', 'Python', 'PHP', 'Node', 'React', 'Laravel', 'Azure', 'Rust', 'TensorFlow', 'Go', 'AWS', 'Vue', 'WordPress', 'Docker', '.NET']",1,1,1,0,1,1,1,1,1,100.0,High,True
TekRevol Chicago - Mobile App Development Company,https://www.tekrevol.com/app-development-chicago?utm_source=GMB&utm_medium=organic&utm_campaign=gmb-chicago,"Chicago, USA",True,True,True,True,False,True,True,False,False,False,1.0,"['Angular', 'Python', 'Java', 'PHP', 'Node', 'React', 'Azure', 'TensorFlow', 'Rust', 'Ruby', 'Go', 'AWS', 'Vue', 'Docker', '.NET']",1,1,1,0,1,1,1,1,1,100.0,High,True
TXI,http://www.txidigital.com/,"Chicago, USA",True,True,True,True,False,True,True,False,False,False,1.0,"['Angular', 'Java', 'TensorFlow', 'Rust', 'Ruby', 'Go', 'Vue', 'Docker', '.NET']",1,1,1,0,1,1,0,1,0,100.0,High,True
AdTime Marketing,,"Chicago, USA",,,,,,,,,,,,[],0,0,0,0,0,0,0,0,0,,,
LaunchLayer,,"Chicago, USA",,,,,,,,,,,,[],0,0,0,0,0,0,0,0,0,,,
OptiSearch Digital Marketing,,"Chicago, USA",,,,,,,,,,,,[],0,0,0,0,0,0,0,0,0,,,
Oshaii Marketing,,"Chicago, USA",,,,,,,,,,,,[],0,0,0,0,0,0,0,0,0,,,
Lukky Solutions,,"Chicago, USA",,,,,,,,,,,,[],0,0,0,0,0,0,0,0,0,,,
Digi Dolls,,"Chicago, USA",,,,,,,,,,,,[],0,0,0,0,0,0,0,0,0,,,
2 Find Marketing,,"Chicago, USA",,,,,,,,,,,,[],0,0,0,0,0,0,0,0,0,,,
Reliable Information Technology,,"Chicago, USA",,,,,,,,,,,,[],0,0,0,0,0,0,0,0,0,,,
Dantech,,"Chicago, USA",,,,,,,,,,,,[],0,0,0,0,0,0,0,0,0,,,
Comset Computers,,"Chicago, USA",,,,,,,,,,,,[],0,0,0,0,0,0,0,0,0,,,
Mightybytes,,"Chicago, USA",,,,,,,,,,,,[],0,0,0,0,0,0,0,0,0,,,
Wezom,,"Chicago, USA",,,,,,,,,,,,[],0,0,0,0,0,0,0,0,0,,,
New Peak Solutions,,"Chicago, USA",,,,,,,,,,,,[],0,0,0,0,0,0,0,0,0,,,
ITGuy Solutions,,"Chicago, USA",,,,,,,,,,,,[],0,0,0,0,0,0,0,0,0,,,
Varsys Web Design & Development,,"Chicago, USA",,,,,,,,,,,,[],0,0,0,0,0,0,0,0,0,,,
Chat Tech Solutions,,"Chicago, USA",,,,,,,,,,,,[],0,0,0,0,0,0,0,0,0,,,
Innopas,,"Chicago, USA",,,,,,,,,,,,[],0,0,0,0,0,0,0,0,0,,,
WALTLabs,/aclk?sa=L&ai=DChsSEwit8tK7lcWVAxWILIMDHdIBK8kYACICCAEQABoCc2Y&co=1&ase=2&gclid=EAIaIQobChMIrfLSu5XFlQMViCyDAx3SASvJEBAYASAAEgJQ1fD_BwE&cid=CAASuwHkaOH0OxrFQdCaYChipI0FSBYWLQg9sAY5eh9bZFLqF20lezQsJYXfkbSPuk_v4t6E_QfVW-JM9EuBxgsFOQgVaWzOoXtruiCxhmJzb6kU6PtL8Xvn7GRvIUqj3LJTtvB-2H4zHBEWTunZR7p1XLaYgudGLuTQygziU51OPXLj4od7adUsVuWoYAt_zWWTFcbwX8sPnJjgN7Af8S-8JsO9YAwg0CKEf3LteD7TPARuXHUe4-8YPyWTEu-P&cce=2&category=acrcp_v1_32&sig=AOD64_3yoFROOrVwGYMJqOLb-NNbwDhzmw&adurl&rct=j&q&ctype=99&nis=6,"Houston, USA",False,True,True,True,False,True,False,False,False,False,0.0,[],0,0,0,0,0,0,0,0,0,70.0,High,True
Liquid Technologies - Software and Mobile App Development Company Houston,https://liqteq.com/?utm_source=google&utm_medium=organic&utm_campaign=gmb_profile,"Houston, USA",True,True,True,True,False,True,True,False,True,False,1.0,"['Angular', 'Java', 'Kubernetes', 'PHP', 'TensorFlow', 'Azure', 'Rust', 'Go', 'AWS', 'Vue', 'WordPress', 'Docker', '.NET']",1,1,1,0,1,1,0,1,0,100.0,High,True
Houston Software Development Company - Entrance,https://entranceconsulting.com/software-development-company-houston/,"Houston, USA",True,True,True,True,False,True,True,False,False,False,0.0,"['Angular', 'Java', 'PHP', 'TensorFlow', 'Go', '.NET', 'Vue', 'WordPress', 'Docker']",1,1,1,0,1,1,0,1,0,100.0,High,True
Tekrevol Houston - Mobile App Development Company | Hire App Developers in Houston,https://www.tekrevol.com/?utm_source=gmb&utm_medium=organic&utm_campaign=gmb-houston,"Houston, USA",True,True,True,True,False,True,True,True,True,True,4.0,"['Angular', 'Python', 'Java', 'Kubernetes', 'PHP', 'Node', 'React', 'Azure', 'TensorFlow', 'Rust', 'Go', 'AWS', 'Vue', 'WordPress', 'Docker', '.NET']",1,1,1,0,1,1,1,1,1,100.0,High,True
Zibtek - Software Development Company in Houston,https://www.zibtek.com/software-development-company-houston?utm_source=googlemybusiness&utm_medium=organic&utm_campaign=houston_gmb,"Houston, USA",True,True,True,True,False,True,True,False,False,False,1.0,"['Angular', 'Python', 'Java', 'Django', 'Kubernetes', 'PHP', 'Node', 'React', 'Laravel', 'TensorFlow', 'Go', '.NET', 'Vue', 'WordPress', 'Docker']",1,1,1,0,1,0,1,0,1,100.0,High,True
Octal Digital Houston - Mobile App Development Company,https://www.octaldigital.com/houston-tx/?utm_source=google&utm_medium=gmb&utm_campaign=hou,"Houston, USA",True,True,True,True,False,True,True,False,False,False,0.0,"['Angular', 'Python', 'Java', 'Django', 'PHP', 'Node', 'React', 'Laravel', 'Azure', 'Rust', 'Ruby', 'TensorFlow', 'Go', 'AWS', 'Vue', 'WordPress', 'Docker']",1,1,1,0,1,1,0,1,0,100.0,High,True
Octaria Software Development,https://octaria.com/,"Houston, USA",True,True,True,True,False,True,True,False,False,False,0.0,"['Angular', 'Java', 'TensorFlow', 'Rust', 'Go', 'AWS', 'Vue', 'Docker', '.NET']",1,1,1,0,1,0,1,1,1,100.0,High,True
Software Orca,https://www.softwareorca.com/app-development-houston/,"Houston, USA",True,True,True,True,False,True,True,True,False,False,2.0,"['Angular', 'Python', 'Java', 'Django', 'Kubernetes', 'PHP', 'Node', 'React', 'Azure', 'TensorFlow', 'Rust', 'Ruby', 'Go', 'AWS', 'Vue', 'WordPress', 'Docker', '.NET']",1,1,1,0,1,1,1,1,1,100.0,High,True
Anuh Digital Studio,,"Houston, USA",,,,,,,,,,,,[],0,0,0,0,0,0,0,0,0,,,
Connective Web Design,,"Houston, USA",,,,,,,,,,,,[],0,0,0,0,0,0,0,0,0,,,
Carbonrepro,,"Houston, USA",,,,,,,,,,,,[],0,0,0,0,0,0,0,0,0,,,
SelfMade Consulting Group,,"Houston, USA",,,,,,,,,,,,[],0,0,0,0,0,0,0,0,0,,,
Leych Company,,"Houston, USA",,,,,,,,,,,,[],0,0,0,0,0,0,0,0,0,,,
Computer-Wiz,,"Houston, USA",,,,,,,,,,,,[],0,0,0,0,0,0,0,0,0,,,
"Texas Computer Guy, Inc.",,"Houston, USA",,,,,,,,,,,,[],0,0,0,0,0,0,0,0,0,,,
Internetwork Consulting,,"Houston, USA",,,,,,,,,,,,[],0,0,0,0,0,0,0,0,0,,,
Blaze IT,,"Houston, USA",,,,,,,,,,,,[],0,0,0,0,0,0,0,0,0,,,
Mobisoft Infotech,,"Houston, USA",,,,,,,,,,,,[],0,0,0,0,0,0,0,0,0,,,
Technoholic Advance Solutions,,"Houston, USA",,,,,,,,,,,,[],0,0,0,0,0,0,0,0,0,,,
SpaceCenter Systems,,"Houston, USA",,,,,,,,,,,,[],0,0,0,0,0,0,0,0,0,,,
Enet Technologies,,"Houston, USA",,,,,,,,,,,,[],0,0,0,0,0,0,0,0,0,,,
Global It Experts,,"Houston, USA",,,,,,,,,,,,[],0,0,0,0,0,0,0,0,0,,,
Growth Circuit Digital,,"Miami, USA",,,,,,,,,,,,[],0,0,0,0,0,0,0,0,0,,,
Grupo Estrategia y Marca,,"Miami, USA",,,,,,,,,,,,[],0,0,0,0,0,0,0,0,0,,,
Gomez Design Company,,"Miami, USA",,,,,,,,,,,,[],0,0,0,0,0,0,0,0,0,,,
Alpha Cloud Technologies,,"Miami, USA",,,,,,,,,,,,[],0,0,0,0,0,0,0,0,0,,,
JARM total solution,,"Miami, USA",,,,,,,,,,,,[],0,0,0,0,0,0,0,0,0,,,
Appy,,"Miami, USA",,,,,,,,,,,,[],0,0,0,0,0,0,0,0,0,,,
Rave Digital,,"Miami, USA",,,,,,,,,,,,[],0,0,0,0,0,0,0,0,0,,,
Ny Software & It,,"Miami, USA",,,,,,,,,,,,[],0,0,0,0,0,0,0,0,0,,,
Villtech,,"Miami, USA",,,,,,,,,,,,[],0,0,0,0,0,0,0,0,0,,,
Nimbuspc,,"Miami, USA",,,,,,,,,,,,[],0,0,0,0,0,0,0,0,0,,,
Wedowebapps,,"Miami, USA",,,,,,,,,,,,[],0,0,0,0,0,0,0,0,0,,,
SDSol Technologies,,"Miami, USA",,,,,,,,,,,,[],0,0,0,0,0,0,0,0,0,,,
Pickl,/aclk?sa=L&ai=DChsSEwjXs4bnlcWVAxWpwzwCHZIfFbQYACICCAEQBBoCc2Y&co=1&ase=2&gclid=EAIaIQobChMI17OG55XFlQMVqcM8Ah2SHxW0EBAYASAAEgKyofD_BwE&cid=CAASuwHkaHOzO_Yil2Qkpf_MlvOGY1CN3D1k0w7XU0LwueXkWZ9BfVV7RzXMY8MWlPkMMvKb5Y2EbAC2iV0UHOjvOl8o4CaND_L7iUZpTd_wQSGUpHavfjNSuP8fVv5YVB81BnUrroy-O__j_I0luyQc7Let5e9kmHxuZfo7O0auiSZ8CGqK4jopzNFcVclAXfIN1cv5FEbeEkrs4mT7zLwPF8J4OUeQql3JzZTlvrcuOzQZY10IGh4MU8YPaHEU&cce=2&category=acrcp_v1_33&sig=AOD64_1UbEzI65WaaHZ_5l0q5lChbQT8EQ&adurl&rct=j&q&ctype=99&nis=6,"London, UK",False,True,True,True,False,True,False,False,False,False,0.0,[],0,0,0,0,0,0,0,0,0,70.0,High,True
ToXSL Technologies UK - Mobile App Development And Web Development Company,/aclk?sa=L&ai=DChsSEwjXs4bnlcWVAxWpwzwCHZIfFbQYACICCAEQBRoCc2Y&co=1&ase=2&gclid=EAIaIQobChMI17OG55XFlQMVqcM8Ah2SHxW0EBAYAiAAEgILA_D_BwE&cid=CAASuwHkaHOzO_Yil2Qkpf_MlvOGY1CN3D1k0w7XU0LwueXkWZ9BfVV7RzXMY8MWlPkMMvKb5Y2EbAC2iV0UHOjvOl8o4CaND_L7iUZpTd_wQSGUpHavfjNSuP8fVv5YVB81BnUrroy-O__j_I0luyQc7Let5e9kmHxuZfo7O0auiSZ8CGqK4jopzNFcVclAXfIN1cv5FEbeEkrs4mT7zLwPF8J4OUeQql3JzZTlvrcuOzQZY10IGh4MU8YPaHEU&cce=2&category=acrcp_v1_32&sig=AOD64_0Z-_nUepvKHFhfNlv_zhpuQae3OQ&adurl&rct=j&q&ctype=99&nis=6,"London, UK",False,True,True,True,False,True,False,False,False,False,0.0,[],0,0,0,0,0,0,0,0,0,70.0,High,True
"Krify | Top Mobile App Company in London, United Kingdom",https://krify.co.uk/?utm_source=Google_MyBusiness_UK,"London, UK",True,True,True,True,True,True,False,False,False,False,0.0,"['Angular', 'Python', 'Java', 'Django', 'PHP', 'Node', 'React', 'Laravel', 'Azure', 'Rust', 'TensorFlow', 'Go', 'AWS', 'Vue', 'WordPress', 'Docker', '.NET', 'Flask']",1,1,0,0,1,0,1,1,1,100.0,High,True
Limeup — Сustom Software Development Company,https://limeup.io/,"London, UK",True,True,True,True,False,True,True,False,True,True,2.0,"['Angular', 'Java', 'PHP', 'TensorFlow', 'Rust', 'Go', 'AWS', 'Vue', 'WordPress', 'Docker', '.NET']",1,1,1,0,1,1,1,1,1,100.0,High,True
Esferasoft Solutions UK - Mobile App & Software Development Company,https://esferasoft.co.uk/,"London, UK",True,True,True,True,False,True,True,False,False,False,1.0,"['Angular', 'Python', 'Java', 'PHP', 'React', 'TensorFlow', 'Azure', 'Rust', 'Go', 'AWS', 'Vue', 'WordPress', 'Docker', '.NET', 'PyTorch']",1,1,1,0,1,1,1,1,1,100.0,High,True
Westferry Tech | Website Development Company | Software Development Company | Mobile App Development Company in London UK,https://www.westferrytech.com/,"London, UK",True,True,True,True,False,True,True,False,False,False,1.0,"['Angular', 'Java', 'PHP', 'TensorFlow', 'Azure', 'Rust', 'Go', 'Vue', 'WordPress', 'Docker']",1,1,1,0,1,1,1,1,1,100.0,High,True
Software Development UK,https://www.softwaredevelopment.co.uk/?utm_source=gmb&utm_medium=organic&utm_campaign=Google%20My%20Business,"London, UK",True,True,True,True,False,True,True,False,False,False,1.0,"['Angular', 'Java', 'PHP', 'Node', 'TensorFlow', 'Rust', 'Go', 'AWS', 'Vue', 'WordPress', 'Docker', '.NET']",1,1,1,0,1,1,0,1,0,100.0,High,True
"5StarDesigners Ltd. - Mobile App and Software Development Company in London, UK",https://5star-designers.co.uk/,"London, UK",True,True,True,True,False,True,True,False,False,False,1.0,"['Angular', 'Java', 'PHP', 'Laravel', 'React', 'TensorFlow', 'Rust', 'Ruby', 'Go', 'AWS', 'Vue', 'WordPress', 'Docker']",1,1,1,0,1,0,0,1,1,100.0,High,True
Software Development Company Uk,,"London, UK",,,,,,,,,,,,[],0,0,0,0,0,0,0,0,0,,,
The Color Company,,"London, UK",,,,,,,,,,,,[],0,0,0,0,0,0,0,0,0,,,
Babel PR,,"London, UK",,,,,,,,,,,,[],0,0,0,0,0,0,0,0,0,,,
Metro Web Team,,"London, UK",,,,,,,,,,,,[],0,0,0,0,0,0,0,0,0,,,
Digital Marketing Labs,,"London, UK",,,,,,,,,,,,[],0,0,0,0,0,0,0,0,0,,,
Gravity Software,,"London, UK",,,,,,,,,,,,[],0,0,0,0,0,0,0,0,0,,,
Nimble AppGenie,,"London, UK",,,,,,,,,,,,[],0,0,0,0,0,0,0,0,0,,,
Maxima Local,,"London, UK",,,,,,,,,,,,[],0,0,0,0,0,0,0,0,0,,,
UXB London,,"London, UK",,,,,,,,,,,,[],0,0,0,0,0,0,0,0,0,,,
Quintessa Media,,"London, UK",,,,,,,,,,,,[],0,0,0,0,0,0,0,0,0,,,
Venom IT,/aclk?sa=L&ai=DChsSEwiojPr1lcWVAxV9JIMDHfUvEokYACICCAEQABoCc2Y&co=1&ase=2&gclid=EAIaIQobChMIqIz69ZXFlQMVfSSDAx31LxKJEBAYASAAEgKSIfD_BwE&cid=CAASuwHkaJ0VpDnLj7zObfIny9GlH8Ampl5ZUL0bzWx52SI_DrKTywVcAc6Fpjf2N9ngaTPiEugUFtC0cdAO0ELhI8-YrW_ENZ9Riprf49MGTvpes-2gHgk-bofR2PJuGoauKMrQj7rJQQ5unPdavTAqv5D4ZUhMJldonUWdnTPILADxg4uzavCFVV6po9lrR4SGFC7ejROc6RUOf37eKe2E2nOwMec2Vq9Os-Xgv_r7rhlNnapvuWgEGjVYxcda&cce=2&category=acrcp_v1_32&sig=AOD64_26K8qKx5mSSm-n06nWV5VRUOgudg&adurl&rct=j&q&ctype=99&nis=6,"Manchester, UK",False,True,True,True,False,True,False,False,False,False,0.0,[],0,0,0,0,0,0,0,0,0,70.0,High,True
Silverchip Ltd,https://www.silverchip.com/,"Manchester, UK",True,True,True,True,False,True,False,False,False,False,0.0,[],0,0,0,0,0,0,0,0,0,80.0,High,True
SoftAims,https://softaims.co.uk/,"Manchester, UK",True,True,True,True,False,True,True,False,True,False,2.0,"['Angular', 'Python', 'Java', 'Django', 'Kubernetes', 'PHP', 'Node', 'React', 'TensorFlow', 'Rust', 'Ruby', 'Go', 'AWS', 'Vue', 'Docker', '.NET', 'PyTorch']",1,1,0,0,1,0,0,1,0,100.0,High,True
Suffescom UK - Mobile App Development Company in Manchester | Hire App Developer,https://suffescom.co.uk/,"Manchester, UK",True,True,True,True,False,True,False,False,False,False,1.0,"['Angular', 'Python', 'Java', 'Django', 'Kubernetes', 'PHP', 'Node', 'React', 'TensorFlow', 'Rust', 'Ruby', 'Go', 'AWS', 'Vue', 'WordPress', 'Docker', '.NET']",1,1,1,1,1,1,1,1,1,100.0,High,True
BuildEmpire,,"Manchester, UK",,,,,,,,,,,,[],0,0,0,0,0,0,0,0,0,,,
Higher Ground,,"Manchester, UK",,,,,,,,,,,,[],0,0,0,0,0,0,0,0,0,,,
Marble Media,,"Manchester, UK",,,,,,,,,,,,[],0,0,0,0,0,0,0,0,0,,,
Umbrella Host,,"Manchester, UK",,,,,,,,,,,,[],0,0,0,0,0,0,0,0,0,,,
Rectuoso,,"Manchester, UK",,,,,,,,,,,,[],0,0,0,0,0,0,0,0,0,,,
Dreamr,,"Manchester, UK",,,,,,,,,,,,[],0,0,0,0,0,0,0,0,0,,,
Kagool,,"Manchester, UK",,,,,,,,,,,,[],0,0,0,0,0,0,0,0,0,,,
The right SEO,,"Manchester, UK",,,,,,,,,,,,[],0,0,0,0,0,0,0,0,0,,,
Nettl,,"Manchester, UK",,,,,,,,,,,,[],0,0,0,0,0,0,0,0,0,,,
Tweak IT Media,,"Manchester, UK",,,,,,,,,,,,[],0,0,0,0,0,0,0,0,0,,,
ComputerTalk Technology Inc,/aclk?sa=L&ai=DChsSEwi2wO2UlsWVAxWppWYCHVMbMUUYACICCAEQARoCc20&co=1&ase=2&gclid=EAIaIQobChMItsDtlJbFlQMVqaVmAh1TGzFFEBAYASAAEgLe-fD_BwE&cid=CAASuwHkaALHU6DNh5-sUzvQ4pY8zot6W79dXhs3q966TV3NxxM_mxO8Apcmsc_Fy2lNe0KHCQJfccTaqoJhi7My3Jxmf8mZYGuwTFce4lmfOoke88uExeVAFZKKaKPeW8zpOH4I9ePpl5NPSPhcY0H0BzdnX4u980bT6OvT2rFFa12kVQJCCaOyj0YjSP8ExpgNpQNX7RkqhP-ogt595g0-8LbENS0lzgx8hfV2KGNFuMr5Z4bMH02Fnb4tVUeY&cce=2&category=acrcp_v1_32&sig=AOD64_0NO6wp_XbImFxpfj-Z7dQMIGcZlg&adurl&rct=j&q&ctype=99&nis=6,"Toronto, Canada",False,True,True,True,False,True,False,False,False,False,0.0,[],0,0,0,0,0,0,0,0,0,70.0,High,True
Cybershield IT Solutions Inc.,/aclk?sa=L&ai=DChsSEwi2wO2UlsWVAxWppWYCHVMbMUUYACICCAEQABoCc20&co=1&ase=2&gclid=EAIaIQobChMItsDtlJbFlQMVqaVmAh1TGzFFEBAYAiAAEgKODvD_BwE&cid=CAASuwHkaALHU6DNh5-sUzvQ4pY8zot6W79dXhs3q966TV3NxxM_mxO8Apcmsc_Fy2lNe0KHCQJfccTaqoJhi7My3Jxmf8mZYGuwTFce4lmfOoke88uExeVAFZKKaKPeW8zpOH4I9ePpl5NPSPhcY0H0BzdnX4u980bT6OvT2rFFa12kVQJCCaOyj0YjSP8ExpgNpQNX7RkqhP-ogt595g0-8LbENS0lzgx8hfV2KGNFuMr5Z4bMH02Fnb4tVUeY&cce=2&category=acrcp_v1_32&sig=AOD64_3SbM7wf7lXQ6UdP7_J0QSPt6QQ5w&adurl&rct=j&q&ctype=99&nis=6,"Toronto, Canada",False,True,True,True,False,True,False,False,False,False,0.0,[],0,0,0,0,0,0,0,0,0,70.0,High,True
iQlance Solutions - Mobile App Developers Toronto,https://www.iqlance.com/,"Toronto, Canada",True,True,True,True,False,True,True,False,False,False,0.0,"['Angular', 'Python', 'Java', 'PHP', 'Node', 'React', 'Laravel', 'Azure', 'Rust', 'Ruby', 'TensorFlow', 'Go', 'AWS', 'Vue', 'WordPress', 'Docker', '.NET']",1,1,0,0,1,1,1,1,1,100.0,High,True
datarockets - custom software and mobile app development,http://datarockets.com/,"Toronto, Canada",True,True,True,True,False,True,False,True,False,False,2.0,"['Angular', 'Java', 'PHP', 'TensorFlow', 'Go', 'Vue']",1,1,1,0,0,1,1,1,1,100.0,High,True
Hyperlink InfoSystem - Top Mobile App Development Company in Canada,https://www.hyperlinkinfosystem.ca/,"Toronto, Canada",True,True,True,True,False,True,True,False,False,False,1.0,"['Angular', 'Python', 'Java', 'Django', 'PHP', 'Node', 'React', 'Laravel', 'TensorFlow', 'Rust', 'Ruby', 'Go', 'AWS', 'Vue', 'WordPress', 'Docker', '.NET']",1,1,1,0,1,1,1,0,1,100.0,High,True
I Can Infotech - AI-Driven Mobile App & Web Development Company based in Canada,https://icaninfotechh.com/,"Toronto, Canada",True,True,True,True,False,True,False,False,False,False,0.0,[],0,0,0,0,0,0,0,0,0,80.0,High,True
Risingmax Pvt. Ltd. - IT Development & Consulting Company | Custom App & Software Development Services Provider,https://www.risingmax.com/?utm_source=seo&utm_medium=organic&utm_campaign=canada,"Toronto, Canada",True,True,True,True,False,True,True,False,False,False,0.0,"['Angular', 'Python', 'Java', 'Django', 'Kubernetes', 'PHP', 'Node', 'React', 'TensorFlow', 'Rust', 'Ruby', 'Go', '.NET', 'Vue', 'WordPress', 'Docker', 'Flask']",1,1,1,1,1,1,0,1,0,100.0,High,True
Net Solutions Canada Limited,https://www.netsolutions.com/,"Toronto, Canada",True,True,True,True,False,True,True,True,False,False,1.0,"['Angular', 'Java', 'PHP', 'Node', 'TensorFlow', 'Azure', 'Rust', 'Go', 'AWS', 'Vue', 'WordPress', 'Docker', '.NET']",1,1,1,0,1,1,0,1,0,100.0,High,True
Design Toronto Web,,"Toronto, Canada",,,,,,,,,,,,[],0,0,0,0,0,0,0,0,0,,,
Vera Forge,,"Toronto, Canada",,,,,,,,,,,,[],0,0,0,0,0,0,0,0,0,,,
SiteRocket SEO,,"Toronto, Canada",,,,,,,,,,,,[],0,0,0,0,0,0,0,0,0,,,
Haus of Growth Marketing,,"Toronto, Canada",,,,,,,,,,,,[],0,0,0,0,0,0,0,0,0,,,
Mama Domain,,"Toronto, Canada",,,,,,,,,,,,[],0,0,0,0,0,0,0,0,0,,,
Integral Consulting Company,,"Toronto, Canada",,,,,,,,,,,,[],0,0,0,0,0,0,0,0,0,,,
Bitmaster,,"Toronto, Canada",,,,,,,,,,,,[],0,0,0,0,0,0,0,0,0,,,
JC Digital Solutions,,"Toronto, Canada",,,,,,,,,,,,[],0,0,0,0,0,0,0,0,0,,,
NeuronicWorks,,"Toronto, Canada",,,,,,,,,,,,[],0,0,0,0,0,0,0,0,0,,,
IT-Solutions,,"Toronto, Canada",,,,,,,,,,,,[],0,0,0,0,0,0,0,0,0,,,
Webzylo Digital Solutions,,"Toronto, Canada",,,,,,,,,,,,[],0,0,0,0,0,0,0,0,0,,,
Manaknight,,"Toronto, Canada",,,,,,,,,,,,[],0,0,0,0,0,0,0,0,0,,,
Progressive Software Solutions,,"Toronto, Canada",,,,,,,,,,,,[],0,0,0,0,0,0,0,0,0,,,
Working Bits,,"Toronto, Canada",,,,,,,,,,,,[],0,0,0,0,0,0,0,0,0,,,
Beckard Associates,,"Toronto, Canada",,,,,,,,,,,,[],0,0,0,0,0,0,0,0,0,,,
Pieoneers Software - App Development,https://pieoneers.com/,"Vancouver, Canada",True,True,True,True,False,True,True,True,False,False,2.0,"['Angular', 'Python', 'Java', 'Django', 'Node', 'React', 'TensorFlow', 'Rust', 'Go', 'AWS', 'Vue', 'Docker']",1,1,0,0,1,0,0,1,0,100.0,High,True
Essential Designs,https://www.essentialdesigns.net/?utm_source=google&utm_medium=organic&utm_campaign=gbp&utm_content=vancouver,"Vancouver, Canada",True,True,True,True,False,True,True,False,False,False,1.0,"['Angular', 'Python', 'Java', 'Kubernetes', 'PHP', 'Node', 'React', 'Azure', 'TensorFlow', 'Rust', 'Go', 'AWS', 'Vue', 'WordPress', 'Docker', '.NET']",1,1,1,1,1,1,0,1,0,100.0,High,True
TTT Studios,https://ttt.studio/,"Vancouver, Canada",True,True,True,True,False,True,True,False,False,False,0.0,"['Angular', 'Java', 'TensorFlow', 'Go', 'Vue', 'Docker', '.NET']",1,1,1,0,1,1,1,1,1,100.0,High,True
Steamclock Software Ltd.,https://www.steamclock.com/,"Vancouver, Canada",True,True,True,True,False,True,True,True,False,False,1.0,"['Angular', 'Java', 'TensorFlow', 'Rust', 'Go', 'AWS', 'Vue', 'Docker']",1,1,0,0,0,1,1,1,1,100.0,High,True
MSP Corp (Formerly Softlanding),https://west.mspcorp.ca/,"Vancouver, Canada",True,True,True,True,False,True,True,False,False,False,2.0,"['Angular', 'Java', 'PHP', 'TensorFlow', 'Azure', 'Rust', 'Go', '.NET', 'Vue', 'WordPress', 'Docker']",1,1,0,0,1,0,1,1,1,100.0,High,True
BR Softech- Game Development Company in Canada,https://www.brsoftech.com/?utm_source=Google_My_Business_Canada_Website&utm_medium=GMB&utm_campaign=Google_My_Business_Canada_Website,"Vancouver, Canada",True,True,True,True,False,True,False,False,False,False,0.0,[],0,0,0,0,0,0,0,0,0,80.0,High,True
Tandem Studios Inc.,https://www.workintandem.io/,"Vancouver, Canada",True,True,True,True,False,True,True,False,False,True,1.0,"['Angular', 'Java', 'TensorFlow', 'Azure', 'Rust', 'Go', 'Vue', 'Docker', '.NET']",1,1,1,0,1,1,1,1,1,100.0,High,True
Netvibes Infotech,,"Vancouver, Canada",,,,,,,,,,,,[],0,0,0,0,0,0,0,0,0,,,
PiTech,,"Vancouver, Canada",,,,,,,,,,,,[],0,0,0,0,0,0,0,0,0,,,
SkyLabs Enterprise,,"Vancouver, Canada",,,,,,,,,,,,[],0,0,0,0,0,0,0,0,0,,,
Targetized,,"Vancouver, Canada",,,,,,,,,,,,[],0,0,0,0,0,0,0,0,0,,,
Braun Marketing,,"Vancouver, Canada",,,,,,,,,,,,[],0,0,0,0,0,0,0,0,0,,,
Vancouver IT Services and Business Tech Support,,"Vancouver, Canada",,,,,,,,,,,,[],0,0,0,0,0,0,0,0,0,,,
Burnaby Tech Computer Services for Business,,"Vancouver, Canada",,,,,,,,,,,,[],0,0,0,0,0,0,0,0,0,,,
604 Consulting,,"Vancouver, Canada",,,,,,,,,,,,[],0,0,0,0,0,0,0,0,0,,,
Redlizard Studioz,,"Vancouver, Canada",,,,,,,,,,,,[],0,0,0,0,0,0,0,0,0,,,
Your Tech Solutions,,"Vancouver, Canada",,,,,,,,,,,,[],0,0,0,0,0,0,0,0,0,,,
BTC Systems,,"Vancouver, Canada",,,,,,,,,,,,[],0,0,0,0,0,0,0,0,0,,,
Red Ring Solutions,,"Vancouver, Canada",,,,,,,,,,,,[],0,0,0,0,0,0,0,0,0,,,
Vonigo,,"Vancouver, Canada",,,,,,,,,,,,[],0,0,0,0,0,0,0,0,0,,,
Etanova,,"Vancouver, Canada",,,,,,,,,,,,[],0,0,0,0,0,0,0,0,0,,,
AUCyber,/aclk?sa=L&ai=DChsSEwjYhOS2lsWVAxVBzTwCHY3UCXAYACICCAEQABoCc2Y&co=1&ase=2&gclid=EAIaIQobChMI2ITktpbFlQMVQc08Ah2N1AlwEBAYASAAEgLgGvD_BwE&cid=CAASuwHkaChQ2QGPqVKdCxn_WN1wluxPWqehIoKV1JIQOf4_F8UMo2hrfJMel188cf6mroZuAfe0ts3rYiKJw-qQkVTs_1bBBFAX_VsSRO0nb9TYZTE2lTy3pQ6mdgDgbgceoTGL4PdttLGqKGhB25PiU62LNIGILlji2AJpCCfxiW7DNOvenuenDwyThfXX14cxLx7snS5EKlUxccAy85zzG3ub4igqXYitRGjeLM2Vku-p5ncEo66L8CInnoS2&cce=2&category=acrcp_v1_32&sig=AOD64_2pgnDcZIYnF2EavGsrj2HhmjEF5g&adurl&rct=j&q&ctype=99&nis=6,"Sydney, Australia",False,True,True,True,False,True,False,False,False,False,0.0,[],0,0,0,0,0,0,0,0,0,70.0,High,True
Mantel,/aclk?sa=L&ai=DChsSEwjYhOS2lsWVAxVBzTwCHY3UCXAYACICCAEQARoCc2Y&co=1&ase=2&gclid=EAIaIQobChMI2ITktpbFlQMVQc08Ah2N1AlwEBAYAiAAEgJdrfD_BwE&cid=CAASuwHkaChQ2QGPqVKdCxn_WN1wluxPWqehIoKV1JIQOf4_F8UMo2hrfJMel188cf6mroZuAfe0ts3rYiKJw-qQkVTs_1bBBFAX_VsSRO0nb9TYZTE2lTy3pQ6mdgDgbgceoTGL4PdttLGqKGhB25PiU62LNIGILlji2AJpCCfxiW7DNOvenuenDwyThfXX14cxLx7snS5EKlUxccAy85zzG3ub4igqXYitRGjeLM2Vku-p5ncEo66L8CInnoS2&cce=2&category=acrcp_v1_33&sig=AOD64_3ENBqcELU9rLSURHZoyNX0Rq50aw&adurl&rct=j&q&ctype=99&nis=6,"Sydney, Australia",False,True,True,True,False,True,False,False,False,False,0.0,[],0,0,0,0,0,0,0,0,0,70.0,High,True
Appello Software - Custom Software and App Development Company in Sydney,https://appello.com.au/,"Sydney, Australia",True,True,True,True,False,True,False,False,False,False,0.0,[],0,0,0,0,0,0,0,0,0,80.0,High,True
Apptunix Australia - AI Mobile App & Software Development Company Sydney,https://www.apptunix.com/mobile-app-development-company-australia/?utm_source=Organicseo&utm_medium=mainGBPaustralia,"Sydney, Australia",True,True,True,True,False,True,True,False,False,False,0.0,"['Angular', 'Python', 'Java', 'Kubernetes', 'PHP', 'Node', 'React', 'Azure', 'TensorFlow', 'Rust', 'Go', 'AWS', 'Vue', 'WordPress', 'Docker', '.NET', 'PyTorch']",0,0,0,0,0,0,0,0,0,100.0,High,True
"SupportSoft Technologies - App Developer Sydney, App Development Agency Sydney",https://supportsoft.com.au/,"Sydney, Australia",True,True,True,True,False,True,True,False,False,False,1.0,"['Angular', 'Java', 'PHP', 'Node', 'React', 'Laravel', 'TensorFlow', 'Rust', 'Go', '.NET', 'Vue', 'WordPress', 'Docker']",1,1,1,1,1,1,0,0,0,100.0,High,True
ToXSL Technologies Australia - Mobile App Development And Web Development Company,https://toxsl.com/,"Sydney, Australia",True,True,True,True,False,True,True,False,False,False,1.0,"['Angular', 'Python', 'Java', 'Django', 'Kubernetes', 'PHP', 'Node', 'React', 'Laravel', 'Azure', 'Rust', 'TensorFlow', 'Go', 'AWS', 'Vue', 'WordPress', 'Docker', 'Flask']",1,1,1,0,1,1,1,0,1,100.0,High,True
Microknot - Custom Software Development Company in Sydney | Mobile App Developers,https://www.microknot.com.au/?utm_source=google&utm_medium=organic&utm_campaign=gmb_profile&utm_content=website_click,"Sydney, Australia",True,True,True,True,False,True,True,False,False,False,0.0,"['Angular', 'Java', 'PHP', 'React', 'TensorFlow', 'Azure', 'Rust', 'Ruby', 'Go', 'AWS', 'Vue', 'WordPress', 'Docker', '.NET']",1,1,1,0,1,1,1,1,1,100.0,High,True
Software Co,https://www.softwareco.com/,"Sydney, Australia",True,True,True,True,False,True,False,False,False,False,0.0,[],0,0,0,0,0,0,0,0,0,80.0,High,True
Chalk Co.,,"Sydney, Australia",,,,,,,,,,,,[],0,0,0,0,0,0,0,0,0,,,
TSheets,,"Sydney, Australia",,,,,,,,,,,,[],0,0,0,0,0,0,0,0,0,,,
Dotline Infotech - IT Support Sydney & IT Services,,"Sydney, Australia",,,,,,,,,,,,[],0,0,0,0,0,0,0,0,0,,,
Searchical SEO Sydney,,"Sydney, Australia",,,,,,,,,,,,[],0,0,0,0,0,0,0,0,0,,,
Flynk,,"Sydney, Australia",,,,,,,,,,,,[],0,0,0,0,0,0,0,0,0,,,
Helm,,"Sydney, Australia",,,,,,,,,,,,[],0,0,0,0,0,0,0,0,0,,,
Posh Printing,,"Sydney, Australia",,,,,,,,,,,,[],0,0,0,0,0,0,0,0,0,,,
BigWeb,,"Sydney, Australia",,,,,,,,,,,,[],0,0,0,0,0,0,0,0,0,,,
Qwebsites,,"Sydney, Australia",,,,,,,,,,,,[],0,0,0,0,0,0,0,0,0,,,
Anchor,,"Sydney, Australia",,,,,,,,,,,,[],0,0,0,0,0,0,0,0,0,,,
DCODE GROUP - Custom Software Development,/aclk?sa=L&ai=DChsSEwj367jUlsWVAxWWh2YCHQFUALgYACICCAEQABoCc20&co=1&ase=2&gclid=EAIaIQobChMI9-u41JbFlQMVlodmAh0BVAC4EBAYAiAAEgIJrPD_BwE&cid=CAASuwHkaFKOw7ICzMPXlG-dL0315KvASx-THr_ywZi9W9KoyxmLeleBqPtYByMxW0Tw_L7x0WPeUjE3nZHJJjrmhSG2MPdcK2IhEIh7J1cvyKbh8VzXjRQgf2Vxd-qaM5dyY4GsdE9foAM0pMwPG45ZzZpbeRCjTL7d-xf9igbVPbjWf7zOeweXqT3m4B1hApvU2kAgThTQURWAveTFmNexcm2oiGk7CttHoW_6vOF8No6c7xnesXXz8fqQ0tL9&cce=2&category=acrcp_v1_32&sig=AOD64_2oHmvTkzvz0s_OCKX0cv4LuGl54g&adurl&rct=j&q&ctype=99&nis=6,"Melbourne, Australia",False,True,True,True,False,True,False,False,False,False,0.0,[],0,0,0,0,0,0,0,0,0,70.0,High,True
SSW Melbourne - Enterprise Software Development,https://ssw.com.au/,"Melbourne, Australia",True,True,True,True,False,True,True,False,False,False,1.0,"['Angular', 'Java', 'Python', 'React', 'TensorFlow', 'Azure', 'Rust', 'Ruby', 'Go', 'Vue', 'Docker', '.NET']",1,1,0,0,1,1,1,0,1,100.0,High,True
Appello Software - Custom Software and App Development Company in Melbourne,https://www.appello.com.au/,"Melbourne, Australia",True,True,True,True,False,True,False,False,False,False,0.0,[],0,0,0,0,0,0,0,0,0,80.0,High,True
"ITCC – AI, SEO, App & Software Development Melbourne",https://www.itcc.co/,"Melbourne, Australia",True,True,True,True,False,True,True,False,False,False,1.0,"['Angular', 'Java', 'React', 'TensorFlow', 'Rust', 'Go', 'AWS', 'Vue', 'Docker', '.NET']",1,1,1,1,1,1,1,1,1,100.0,High,True
Wave Digital App Development,https://wavedigital.com.au/,"Melbourne, Australia",True,True,True,True,False,True,True,False,False,False,0.0,"['Angular', 'Java', 'PHP', 'React', 'TensorFlow', 'Rust', 'Go', 'AWS', 'Vue', 'WordPress', 'Docker', '.NET']",1,1,1,0,0,0,1,1,1,100.0,High,True
"Blitzm Systems: Software Agency | Web, Mobile & Cloud Solutions",https://www.blitzm.com.au/,"Melbourne, Australia",True,True,True,True,False,True,True,False,True,False,2.0,"['Angular', 'Python', 'Java', 'Kubernetes', 'PHP', 'React', 'TensorFlow', 'Azure', 'Go', 'AWS', 'Vue', 'WordPress', 'Docker', '.NET']",1,1,1,0,1,1,0,1,0,100.0,High,True
Zimble Code - Top App Development Company in Melbourne,https://zimblecode.com/mobile-app-development-company-in-australia/,"Melbourne, Australia",True,True,True,True,False,True,True,False,False,False,1.0,"['Angular', 'Python', 'Java', 'PHP', 'Node', 'React', 'Laravel', 'TensorFlow', 'Rust', 'Go', 'AWS', 'Vue', 'WordPress', 'Docker', '.NET', 'Flask']",1,1,1,0,1,1,0,1,0,100.0,High,True
The Boardroom of Melbourne,,"Melbourne, Australia",,,,,,,,,,,,[],0,0,0,0,0,0,0,0,0,,,
Olitech Assistive Technology,,"Melbourne, Australia",,,,,,,,,,,,[],0,0,0,0,0,0,0,0,0,,,
Peacock Studio,,"Melbourne, Australia",,,,,,,,,,,,[],0,0,0,0,0,0,0,0,0,,,
Coconut Consulting,,"Melbourne, Australia",,,,,,,,,,,,[],0,0,0,0,0,0,0,0,0,,,
PlatinumSEO,,"Melbourne, Australia",,,,,,,,,,,,[],0,0,0,0,0,0,0,0,0,,,
Tavares Digital,,"Melbourne, Australia",,,,,,,,,,,,[],0,0,0,0,0,0,0,0,0,,,
Woodrow Carpentry & Joinery,,"Melbourne, Australia",,,,,,,,,,,,[],0,0,0,0,0,0,0,0,0,,,
Akvitek,,"Melbourne, Australia",,,,,,,,,,,,[],0,0,0,0,0,0,0,0,0,,,
Sliced Web Designs,,"Melbourne, Australia",,,,,,,,,,,,[],0,0,0,0,0,0,0,0,0,,,
Axpam,,"Melbourne, Australia",,,,,,,,,,,,[],0,0,0,0,0,0,0,0,0,,,
COMAN Software GmbH | Software für digitale Projektsteuerung,/aclk?sa=L&ai=DChsSEwjm9fzmlsWVAxVmhGYCHRqaBKUYACICCAEQABoCc20&co=1&ase=2&gclid=EAIaIQobChMI5vX85pbFlQMVZoRmAh0amgSlEBAYASAAEgI56_D_BwE&cid=CAASuwHkaAuXNhMY_nlWplQiPrGtJmoPZ7uMpm7Pb9FFL9R8f6x8e-57iyKRlxZn0tDH6yP2rtl-u2XLhUxndMrgCcMmmq452HUR0ppzxBOClrh1Bm-PJvHbgf08W0MjqhILLFbhX4Xwd54Tzp1s3Dk1_ai7DJv2_qqITqQjrbBrXaMNVtW2GNHDIUyq-alZE3XqNq5rynhxcvZnHBAVdiJVTceYSH--hB0FCxaCWLA8rlNphwWmPRdT9N28uA-F&cce=2&category=acrcp_v1_32&sig=AOD64_32tl0pDPTaBMwJQ2eAC2GWLtJVyA&adurl&rct=j&q&ctype=99&nis=6,"Berlin, Germany",False,True,True,True,False,True,False,False,False,False,0.0,[],0,0,0,0,0,0,0,0,0,70.0,High,True
Merantix Momentum GmbH,/aclk?sa=L&ai=DChsSEwjm9fzmlsWVAxVmhGYCHRqaBKUYACICCAEQARoCc20&co=1&ase=2&gclid=EAIaIQobChMI5vX85pbFlQMVZoRmAh0amgSlEBAYAiAAEgJpxvD_BwE&cid=CAASuwHkaAuXNhMY_nlWplQiPrGtJmoPZ7uMpm7Pb9FFL9R8f6x8e-57iyKRlxZn0tDH6yP2rtl-u2XLhUxndMrgCcMmmq452HUR0ppzxBOClrh1Bm-PJvHbgf08W0MjqhILLFbhX4Xwd54Tzp1s3Dk1_ai7DJv2_qqITqQjrbBrXaMNVtW2GNHDIUyq-alZE3XqNq5rynhxcvZnHBAVdiJVTceYSH--hB0FCxaCWLA8rlNphwWmPRdT9N28uA-F&cce=2&category=acrcp_v1_32&sig=AOD64_0sCAyQZk1lf0ERQlRjHTYyRaTs-g&adurl&rct=j&q&ctype=99&nis=6,"Berlin, Germany",False,True,True,True,False,True,False,False,False,False,0.0,[],0,0,0,0,0,0,0,0,0,70.0,High,True
MVP Factory,https://mvpfactory.co/,"Berlin, Germany",True,True,True,True,False,True,True,False,False,False,0.0,"['Angular', 'Java', 'TensorFlow', 'Rust', 'Go', 'Vue', 'Docker', '.NET']",1,1,0,0,1,1,1,1,1,100.0,High,True
Apptunix Germany - AI Mobile App & Software Development Company in Germany,https://www.apptunix.com/?utm_source=Organicseo&utm_medium=mainGBPeurope,"Berlin, Germany",True,True,True,True,False,True,False,False,False,False,0.0,[],0,0,0,0,0,0,0,0,0,80.0,High,True
Mobile App Development agency in Berlin - App-concept.com GmbH,https://app-concept.com/,"Berlin, Germany",True,True,True,True,False,True,True,True,False,False,2.0,"['Angular', 'Python', 'Java', 'Kubernetes', 'PHP', 'Node', 'React', 'Azure', 'TensorFlow', 'Rust', 'Ruby', 'Go', 'AWS', 'Vue', 'WordPress', 'Docker']",1,1,1,0,1,1,1,1,1,100.0,High,True
Agentur Pixelportal,,"Berlin, Germany",,,,,,,,,,,,[],0,0,0,0,0,0,0,0,0,,,
Bitskin,,"Berlin, Germany",,,,,,,,,,,,[],0,0,0,0,0,0,0,0,0,,,
Herr mit Ideen!,,"Berlin, Germany",,,,,,,,,,,,[],0,0,0,0,0,0,0,0,0,,,
Design for Humans,,"Berlin, Germany",,,,,,,,,,,,[],0,0,0,0,0,0,0,0,0,,,
ImmoCom 2001,,"Berlin, Germany",,,,,,,,,,,,[],0,0,0,0,0,0,0,0,0,,,
IXLabs,,"Berlin, Germany",,,,,,,,,,,,[],0,0,0,0,0,0,0,0,0,,,
Computer Manufaktur,,"Berlin, Germany",,,,,,,,,,,,[],0,0,0,0,0,0,0,0,0,,,
Eric Sturm Webdesign,,"Berlin, Germany",,,,,,,,,,,,[],0,0,0,0,0,0,0,0,0,,,
Chocolate Umbrellas,,"Berlin, Germany",,,,,,,,,,,,[],0,0,0,0,0,0,0,0,0,,,
Rock'nRoll Letters,,"Berlin, Germany",,,,,,,,,,,,[],0,0,0,0,0,0,0,0,0,,,
iO,/aclk?sa=L&ai=DChsSEwi6gqv9lsWVAxWRhWYCHQDCAIEYACICCAEQABoCc20&co=1&ase=2&gclid=EAIaIQobChMIuoKr_ZbFlQMVkYVmAh0AwgCBEBAYASAAEgJ2CPD_BwE&cid=CAASuwHkaP0sg68IcytTyKb8d5Au8JMAZrOkrHbQ9hLfTpSB1XmGUC_QKDm_Xul0pbszx9_HdqMldmeEt16nmSaAR2FPD0AFlMWBMBi4iXdani7plK9XD3kj2nQL2x-EkU5fbZjDNKcwtZIG9Bu3BB9A0URZPM32U6O2kM52oyZ5178N6VbiY2utiWWmbR1Zv6U4eNmu9K9psd4pdLXqLwWXKMVPjVhmkg2lv-wBFLmDCfxfjV0KUaEVNYuxDoMN&cce=2&category=acrcp_v1_32&sig=AOD64_22G6geS0R3M9p69pdzFYpuuTmjGw&adurl&rct=j&q&ctype=99&nis=6,"Amsterdam, Netherlands",False,True,True,True,False,True,False,False,False,False,0.0,[],0,0,0,0,0,0,0,0,0,70.0,High,True
Your Software Supplier,http://www.yoursoftwaresupplier.com/,"Amsterdam, Netherlands",True,True,True,True,False,True,True,True,False,True,3.0,"['Angular', 'Java', 'Django', 'Laravel', 'React', 'TensorFlow', 'Go', 'WordPress', 'Docker']",1,1,1,0,0,1,0,0,0,100.0,High,True
Junkies Coder - Custom Mobile App Development Company in Netherlands,https://www.junkiescoder.com/,"Amsterdam, Netherlands",True,True,True,True,False,True,True,False,False,False,1.0,"['Angular', 'Python', 'Java', 'Django', 'Kubernetes', 'Node', 'React', 'Azure', 'TensorFlow', 'Rust', 'Ruby', 'Go', 'AWS', 'Vue', 'WordPress', 'Docker', '.NET', 'Flask']",1,1,1,0,1,0,0,1,1,100.0,High,True
WeAreBrain - AI & Custom Software Development,https://www.wearebrain.com/,"Amsterdam, Netherlands",True,True,True,True,False,True,True,False,False,False,1.0,"['Angular', 'Java', 'PHP', 'TensorFlow', 'Azure', 'Rust', 'Ruby', 'Go', 'AWS', 'Vue', 'WordPress', 'Docker', '.NET']",1,1,1,0,1,1,1,1,1,100.0,High,True
GlobalOrange | Your North Star in Digital Product Development,https://www.globalorange.nl/,"Amsterdam, Netherlands",True,True,True,True,False,True,True,False,False,False,1.0,"['Angular', 'Python', 'Java', 'PHP', 'React', 'TensorFlow', 'Go', 'AWS', 'Vue', 'WordPress', 'Docker']",1,1,1,0,0,1,1,1,1,100.0,High,True
Software Improvement Group (SIG),https://www.softwareimprovementgroup.com/?utm_source=Google%20My%20Business&utm_medium=Google%20My%20Business%20%7C%20NL&utm_campaign=Google%20My%20Business%20%7C%20NL,"Amsterdam, Netherlands",True,True,True,True,False,True,True,False,False,True,2.0,"['Angular', 'Java', 'PHP', 'TensorFlow', 'Rust', 'Go', 'Vue', 'WordPress', 'Docker']",1,1,1,1,1,1,0,1,1,100.0,High,True
Eli5,http://www.eli5.io/,"Amsterdam, Netherlands",True,True,True,True,False,True,True,True,False,False,2.0,"['Angular', 'Java', 'TensorFlow', 'Go', 'Vue', 'Docker', '.NET']",1,1,1,0,0,1,0,1,0,100.0,High,True
Gainsight,https://www.gainsight.com/,"Amsterdam, Netherlands",True,True,True,True,False,True,False,False,False,False,0.0,[],0,0,0,0,0,0,0,0,0,80.0,High,True
De Online Bloemist,,"Amsterdam, Netherlands",,,,,,,,,,,,[],0,0,0,0,0,0,0,0,0,,,
Yilps,,"Amsterdam, Netherlands",,,,,,,,,,,,[],0,0,0,0,0,0,0,0,0,,,
Eenvoud,,"Amsterdam, Netherlands",,,,,,,,,,,,[],0,0,0,0,0,0,0,0,0,,,
Peakfijn,,"Amsterdam, Netherlands",,,,,,,,,,,,[],0,0,0,0,0,0,0,0,0,,,
Keplar Agency,,"Amsterdam, Netherlands",,,,,,,,,,,,[],0,0,0,0,0,0,0,0,0,,,
MorgenOnline,,"Amsterdam, Netherlands",,,,,,,,,,,,[],0,0,0,0,0,0,0,0,0,,,
GlobalOrange,,"Amsterdam, Netherlands",,,,,,,,,,,,[],0,0,0,0,0,0,0,0,0,,,
Gmi Designschool,,"Amsterdam, Netherlands",,,,,,,,,,,,[],0,0,0,0,0,0,0,0,0,,,
Qoorts,,"Amsterdam, Netherlands",,,,,,,,,,,,[],0,0,0,0,0,0,0,0,0,,,
Liluc,,"Amsterdam, Netherlands",,,,,,,,,,,,[],0,0,0,0,0,0,0,0,0,,,
Techzu Ichicode,/aclk?sa=L&ai=DChsSEwjluIWZl8WVAxWuNIMDHZ8mCHYYACICCAEQARoCc2Y&co=1&ase=2&gclid=EAIaIQobChMI5biFmZfFlQMVrjSDAx2fJgh2EBAYASAAEgJb7_D_BwE&cid=CAASuwHkaIFQ4Cg8dveMdpV7-rQ0i90NufVLrb-kJnLZMO02gtv8IHKVPTODxLbSmWpVc0XRBNJEgcMsy7Za2pRo7ZF0is19l7hxotJnmSYpyG51Fz4TF-gx7lA2EfGsq2dRnJuE5ZlQbS-SW6aV-kveOjJbxwlwNFD2VbPkTsdaJjMFNL6uiRKDDYlxVEQo9iWMc9d6bcmU_RpOQ_PCPTzq-9C2CJM9QPs_PhE6otTyjGdg1l_FSoUGbz33OEbo&cce=2&category=acrcp_v1_32&sig=AOD64_34YvKN24cYtLbXJW8WXgQl_c8bDg&adurl&rct=j&q&ctype=99&nis=6,Singapore,False,True,True,True,False,True,False,False,False,False,0.0,[],0,0,0,0,0,0,0,0,0,70.0,High,True
NEX CorporateIT Pte Ltd - IT Outsourcing Singapore,/aclk?sa=L&ai=DChsSEwjluIWZl8WVAxWuNIMDHZ8mCHYYACICCAEQABoCc2Y&co=1&ase=2&gclid=EAIaIQobChMI5biFmZfFlQMVrjSDAx2fJgh2EBAYAiAAEgLmY_D_BwE&cid=CAASuwHkaIFQ4Cg8dveMdpV7-rQ0i90NufVLrb-kJnLZMO02gtv8IHKVPTODxLbSmWpVc0XRBNJEgcMsy7Za2pRo7ZF0is19l7hxotJnmSYpyG51Fz4TF-gx7lA2EfGsq2dRnJuE5ZlQbS-SW6aV-kveOjJbxwlwNFD2VbPkTsdaJjMFNL6uiRKDDYlxVEQo9iWMc9d6bcmU_RpOQ_PCPTzq-9C2CJM9QPs_PhE6otTyjGdg1l_FSoUGbz33OEbo&cce=2&category=acrcp_v1_32&sig=AOD64_1C1iOw8Y2uu_OUsA3IkJ5dsbfT5A&adurl&rct=j&q&ctype=99&nis=6,Singapore,False,True,True,True,False,True,False,False,False,False,0.0,[],0,0,0,0,0,0,0,0,0,70.0,High,True
TechTIQ Solutions - AI-Driven Software Development Company in Singapore,https://techtiqsolutions.com/?utm_source=google&utm_medium=organic&utm_campaign=gbp,Singapore,True,True,True,True,False,True,True,False,False,False,0.0,"['Rust', 'AWS', 'Docker', 'Flask', 'Java', 'WordPress', 'PyTorch', 'Angular', 'Python', 'PHP', 'Node', 'Vue', 'Django', 'Kubernetes', 'React', 'TensorFlow', 'Azure', 'Go', '.NET']",1,1,1,0,1,1,1,1,1,100.0,High,True
"Vinova - Custom Software, Web & Mobile App Development Agency in Singapore",https://vinova.sg/,Singapore,True,True,True,True,False,True,True,False,False,False,0.0,"['Angular', 'Java', 'Kubernetes', 'PHP', 'React', 'TensorFlow', 'Rust', 'Ruby', 'Go', 'AWS', 'Vue', 'WordPress', 'Docker']",1,1,1,0,1,1,1,1,1,100.0,High,True
Awebstar Technologies Pte Ltd.,https://awebstar.com.sg/,Singapore,True,True,True,True,False,True,True,False,False,False,1.0,"['Angular', 'Java', 'PHP', 'Node', 'React', 'TensorFlow', 'Rust', 'Ruby', 'Go', 'AWS', 'Vue', 'WordPress', 'Docker', '.NET']",1,1,0,0,1,1,0,1,0,100.0,High,True
SleekDigital - Software Development,https://www.sleekdigital.sg/,Singapore,True,True,True,True,False,True,True,False,False,False,1.0,"['Angular', 'React', 'TensorFlow', 'Rust', 'Go', 'Vue']",1,1,1,0,1,0,1,0,1,100.0,High,True
OTG Lab - Custom Software Development Company in Singapore,https://otg-lab.com/,Singapore,True,True,True,True,False,True,False,False,False,False,0.0,"['Angular', 'Java', 'PHP', 'TensorFlow', 'Rust', 'Go', '.NET', 'Vue', 'WordPress', 'Docker']",1,1,1,1,1,1,1,1,1,100.0,High,True
Hermes Infotech,https://www.hermesinfotech.com/,Singapore,True,True,True,True,False,True,False,False,False,False,1.0,"['Angular', 'Java', 'PHP', 'TensorFlow', 'Azure', 'Rust', 'Go', 'AWS', 'Vue', 'WordPress', 'Docker']",1,1,0,0,1,1,1,1,1,95.0,High,True
Netsense Business Solution,,Singapore,,,,,,,,,,,,[],0,0,0,0,0,0,0,0,0,,,
Dino IT Technology,,Singapore,,,,,,,,,,,,[],0,0,0,0,0,0,0,0,0,,,
Futureworkz,,Singapore,,,,,,,,,,,,[],0,0,0,0,0,0,0,0,0,,,
iFoundries,,Singapore,,,,,,,,,,,,[],0,0,0,0,0,0,0,0,0,,,
EmizenTech,,Singapore,,,,,,,,,,,,[],0,0,0,0,0,0,0,0,0,,,
Ever Higher Data Recovery Service Centre Singapore,,Singapore,,,,,,,,,,,,[],0,0,0,0,0,0,0,0,0,,,
OSWeb2Design,,Singapore,,,,,,,,,,,,[],0,0,0,0,0,0,0,0,0,,,
FirstCom Solutions,,Singapore,,,,,,,,,,,,[],0,0,0,0,0,0,0,0,0,,,
Compfix,,Singapore,,,,,,,,,,,,[],0,0,0,0,0,0,0,0,0,,,
OOJO,,Singapore,,,,,,,,,,,,[],0,0,0,0,0,0,0,0,0,,,
KL Computer Services Jalan Klang Lama,/aclk?sa=L&ai=DChsSEwjh7tyrl8WVAxUSrWYCHQ6fCikYACICCAEQARoCc20&co=1&ase=2&gclid=EAIaIQobChMI4e7cq5fFlQMVEq1mAh0OnwopEBAYASAAEgJjuPD_BwE&cid=CAASuwHkaI9QNwXFTHbmS5NJgBLCupIz5ooPqq6ekX_VL09Qubnp1ukOhtq4hz5aBg0OIlh40h0GMkXDpy5utYEs9DC3GgQa--_qyw0HSnvusAO4H_89oF4IuQkEH0hYlPC1FnnpZGQMGKyVWFGqecJJNGfh5MSdarOK7Pxzgibs3a1wjc_O1zG32ZbtTluxj4UyJKQF2vRyeiKJfsMq1iQ9e6Kvph-V-CZewgAtRnSuKzTgXod-S2ISq0RWb4fJ&cce=2&category=acrcp_v1_32&sig=AOD64_3z-WoLBTQqLGaWW0bw7Jhzl92qRg&adurl&rct=j&q&ctype=99&nis=6,"Kuala Lumpur, Malaysia",False,True,True,True,False,True,False,False,False,False,0.0,[],0,0,0,0,0,0,0,0,0,50.0,Medium,False
Ark IT Global Sdn Bhd,/aclk?sa=L&ai=DChsSEwjh7tyrl8WVAxUSrWYCHQ6fCikYACICCAEQABoCc20&co=1&ase=2&gclid=EAIaIQobChMI4e7cq5fFlQMVEq1mAh0OnwopEBAYAiAAEgLhKPD_BwE&cid=CAASuwHkaI9QNwXFTHbmS5NJgBLCupIz5ooPqq6ekX_VL09Qubnp1ukOhtq4hz5aBg0OIlh40h0GMkXDpy5utYEs9DC3GgQa--_qyw0HSnvusAO4H_89oF4IuQkEH0hYlPC1FnnpZGQMGKyVWFGqecJJNGfh5MSdarOK7Pxzgibs3a1wjc_O1zG32ZbtTluxj4UyJKQF2vRyeiKJfsMq1iQ9e6Kvph-V-CZewgAtRnSuKzTgXod-S2ISq0RWb4fJ&cce=2&category=acrcp_v1_32&sig=AOD64_0YSDtgtV-kvqpnlzXnzdcBcNyzdw&adurl&rct=j&q&ctype=99&nis=6,"Kuala Lumpur, Malaysia",False,True,True,True,False,True,False,False,False,False,0.0,[],0,0,0,0,0,0,0,0,0,50.0,Medium,False
"InspireNow - Software Company in Kuala Lumpur, Malaysia. Web & Mobile App Development",https://www.inspirenow.com.my/,"Kuala Lumpur, Malaysia",True,True,True,True,False,True,True,False,False,False,1.0,"['Angular', 'Laravel', 'TensorFlow', 'Rust', 'Go', 'Vue', 'Docker', '.NET']",1,1,0,0,1,1,1,1,1,90.0,High,False
Lizard Global,https://www.lizard.global/,"Kuala Lumpur, Malaysia",True,True,True,True,False,True,True,False,False,False,1.0,"['Angular', 'Python', 'Kubernetes', 'Node', 'React', 'TensorFlow', 'Go', 'Vue', 'Docker']",1,1,1,0,1,1,1,1,1,95.0,High,False
Brain Station 23 Tech Sdn Bhd Malaysia | Software Development Company in Malaysia,https://brainstation-23.com/malaysia/,"Kuala Lumpur, Malaysia",True,True,True,True,False,True,False,False,False,False,0.0,[],0,0,0,0,0,0,0,0,0,60.0,Medium,False
VeecoTech Solutions Sdn Bhd,https://www.veecotech.com.my/,"Kuala Lumpur, Malaysia",True,True,True,True,False,True,True,False,False,False,0.0,"['Angular', 'Java', 'PHP', 'Node', 'React', 'Laravel', 'TensorFlow', 'Rust', 'Go', '.NET', 'Vue', 'WordPress', 'Docker']",1,1,1,0,1,0,0,1,0,90.0,High,False
Software AG Operations Malaysia Sdn. Bhd.,https://www.softwareag.com/corporate/company/global/offices/asia_pacific.html,"Kuala Lumpur, Malaysia",True,True,True,True,False,True,True,False,False,False,1.0,"['Angular', 'Java', 'PHP', 'TensorFlow', 'Rust', 'Go', '.NET', 'Vue', 'WordPress', 'Docker']",1,1,0,0,1,0,1,1,1,90.0,High,False
Web Temple,,"Kuala Lumpur, Malaysia",,,,,,,,,,,,[],0,0,0,0,0,0,0,0,0,,,
Brewinglabs,,"Kuala Lumpur, Malaysia",,,,,,,,,,,,[],0,0,0,0,0,0,0,0,0,,,
Mac Jake,,"Kuala Lumpur, Malaysia",,,,,,,,,,,,[],0,0,0,0,0,0,0,0,0,,,
Eventure Nine,,"Kuala Lumpur, Malaysia",,,,,,,,,,,,[],0,0,0,0,0,0,0,0,0,,,
Bizlink Advertising & Web Solutions,,"Kuala Lumpur, Malaysia",,,,,,,,,,,,[],0,0,0,0,0,0,0,0,0,,,
Skeneur,,"Kuala Lumpur, Malaysia",,,,,,,,,,,,[],0,0,0,0,0,0,0,0,0,,,
Flexondata MLM Software Malaysia,,"Kuala Lumpur, Malaysia",,,,,,,,,,,,[],0,0,0,0,0,0,0,0,0,,,
Ant Internet,,"Kuala Lumpur, Malaysia",,,,,,,,,,,,[],0,0,0,0,0,0,0,0,0,,,
Openwave Computing,,"Kuala Lumpur, Malaysia",,,,,,,,,,,,[],0,0,0,0,0,0,0,0,0,,,
ARC Infotech,,"Kuala Lumpur, Malaysia",,,,,,,,,,,,[],0,0,0,0,0,0,0,0,0,,,
